ID,Pred
2021_1101_1104,0.004745029
2021_1101_1111,0.5876557
2021_1101_1116,0.012590773
2021_1101_1124,0.0024022534
2021_1101_1140,0.0036355406
2021_1101_1155,0.0017537922
2021_1101_1156,0.03815861
2021_1101_1159,0.3502957
2021_1101_1160,0.015670843
2021_1101_1163,0.011477493
2021_1101_1166,0.0047013164
2021_1101_1179,0.013368972
2021_1101_1180,0.8263646
2021_1101_1186,0.8203526
2021_1101_1196,0.006784089
2021_1101_1199,0.005403787
2021_1101_1207,0.011074655
2021_1101_1210,0.0036686063
2021_1101_1211,2.7632372e-05
2021_1101_1213,0.6048114
2021_1101_1216,0.39463818
2021_1101_1222,0.009333819
2021_1101_1228,0.000360244
2021_1101_1233,0.520309
2021_1101_1234,0.0008383095
2021_1101_1242,0.003900446
2021_1101_1251,0.517059
2021_1101_1260,0.0125688985
2021_1101_1261,0.0047179535
2021_1101_1268,0.011353664
2021_1101_1276,0.0005815998
2021_1101_1277,0.0042025745
2021_1101_1281,0.0020081103
2021_1101_1287,0.0301859
2021_1101_1291,0.80386937
2021_1101_1313,0.66772014
2021_1101_1314,0.0051591247
2021_1101_1317,0.062034927
2021_1101_1325,0.028492205
2021_1101_1326,0.0011549965
2021_1101_1328,0.016407773
2021_1101_1329,0.0061091483
2021_1101_1331,0.63333637
2021_1101_1332,0.012460105
2021_1101_1333,0.010632843
2021_1101_1345,0.0023770481
2021_1101_1353,0.004411593
2021_1101_1361,0.010562047
2021_1101_1364,0.024052747
2021_1101_1382,0.0033650324
2021_1101_1393,0.0027857274
2021_1101_1397,0.006280333
2021_1101_1400,0.009953454
2021_1101_1403,0.07044932
2021_1101_1411,0.6227249
2021_1101_1417,0.003412746
2021_1101_1422,0.08909234
2021_1101_1425,0.0048789456
2021_1101_1429,0.02582246
2021_1101_1433,0.004119374
2021_1101_1437,0.0024508238
2021_1101_1438,0.0028683841
2021_1101_1439,0.0035444424
2021_1101_1452,0.034049377
2021_1101_1455,0.0047659874
2021_1101_1457,0.47412795
2021_1101_1458,0.0038318858
2021_1104_1111,0.9988421
2021_1104_1116,0.8145839
2021_1104_1124,0.63257754
2021_1104_1140,0.65272874
2021_1104_1155,0.60799015
2021_1104_1156,0.9567344
2021_1104_1159,0.9973019
2021_1104_1160,0.9763262
2021_1104_1163,0.9717827
2021_1104_1166,0.91428846
2021_1104_1179,0.94856656
2021_1104_1180,0.9995692
2021_1104_1186,0.9992064
2021_1104_1196,0.8886556
2021_1104_1199,0.9581611
2021_1104_1207,0.93263614
2021_1104_1210,0.8949974
2021_1104_1211,0.16897017
2021_1104_1213,0.9985161
2021_1104_1216,0.99377054
2021_1104_1222,0.912786
2021_1104_1228,0.102219544
2021_1104_1233,0.99897623
2021_1104_1234,0.57661796
2021_1104_1242,0.7712648
2021_1104_1251,0.9982061
2021_1104_1260,0.9108171
2021_1104_1261,0.8924138
2021_1104_1268,0.7484348
2021_1104_1276,0.24797687
2021_1104_1277,0.65022755
2021_1104_1281,0.7965853
2021_1104_1287,0.92659
2021_1104_1291,0.9987879
2021_1104_1313,0.99950236
2021_1104_1314,0.7184513
2021_1104_1317,0.9938244
2021_1104_1325,0.9901954
2021_1104_1326,0.7297691
2021_1104_1328,0.9848132
2021_1104_1329,0.9197019
2021_1104_1331,0.9994172
2021_1104_1332,0.93143475
2021_1104_1333,0.9788354
2021_1104_1345,0.6541353
2021_1104_1353,0.48634347
2021_1104_1361,0.9444628
2021_1104_1364,0.9836936
2021_1104_1382,0.7833385
2021_1104_1393,0.90683985
2021_1104_1397,0.810809
2021_1104_1400,0.95740587
2021_1104_1403,0.9913669
2021_1104_1411,0.9990723
2021_1104_1417,0.9263551
2021_1104_1422,0.9957416
2021_1104_1425,0.8283609
2021_1104_1429,0.97711384
2021_1104_1433,0.8552073
2021_1104_1437,0.890792
2021_1104_1438,0.56688124
2021_1104_1439,0.81300056
2021_1104_1452,0.9899637
2021_1104_1455,0.93557847
2021_1104_1457,0.99743927
2021_1104_1458,0.47526872
2021_1111_1116,0.012803793
2021_1111_1124,0.00075240433
2021_1111_1140,0.0062862113
2021_1111_1155,0.0025248826
2021_1111_1156,0.14358613
2021_1111_1159,0.26416215
2021_1111_1160,0.027057461
2021_1111_1163,0.013139144
2021_1111_1166,0.0084333345
2021_1111_1179,0.012512818
2021_1111_1180,0.86030257
2021_1111_1186,0.8072084
2021_1111_1196,0.007913426
2021_1111_1199,0.013205759
2021_1111_1207,0.0121397525
2021_1111_1210,0.006155722
2021_1111_1211,2.1110134e-06
2021_1111_1213,0.6467665
2021_1111_1216,0.67553294
2021_1111_1222,0.0064946488
2021_1111_1228,0.0002802157
2021_1111_1233,0.87317157
2021_1111_1234,0.00058175554
2021_1111_1242,0.022241391
2021_1111_1251,0.7231174
2021_1111_1260,0.009883434
2021_1111_1261,0.0013798326
2021_1111_1268,0.0042424165
2021_1111_1276,0.000790936
2021_1111_1277,0.0018365905
2021_1111_1281,0.0024723113
2021_1111_1287,0.10079786
2021_1111_1291,0.9030919
2021_1111_1313,0.8933405
2021_1111_1314,0.005522515
2021_1111_1317,0.14066331
2021_1111_1325,0.030991815
2021_1111_1326,0.00085963437
2021_1111_1328,0.02001378
2021_1111_1329,0.059294358
2021_1111_1331,0.60970485
2021_1111_1332,0.011148609
2021_1111_1333,0.010202095
2021_1111_1345,0.0033818309
2021_1111_1353,0.0024639799
2021_1111_1361,0.028794087
2021_1111_1364,0.03858883
2021_1111_1382,0.007000588
2021_1111_1393,0.002499409
2021_1111_1397,0.015415564
2021_1111_1400,0.045365356
2021_1111_1403,0.05058703
2021_1111_1411,0.8422553
2021_1111_1417,0.0033253506
2021_1111_1422,0.29290462
2021_1111_1425,0.009014122
2021_1111_1429,0.039100096
2021_1111_1433,0.015640505
2021_1111_1437,0.002973266
2021_1111_1438,0.0036841482
2021_1111_1439,0.0049870536
2021_1111_1452,0.055856667
2021_1111_1455,0.0079199225
2021_1111_1457,0.44545826
2021_1111_1458,0.0016048971
2021_1116_1124,0.3521797
2021_1116_1140,0.32816467
2021_1116_1155,0.39505473
2021_1116_1156,0.95137423
2021_1116_1159,0.9962974
2021_1116_1160,0.90425503
2021_1116_1163,0.8786536
2021_1116_1166,0.69633687
2021_1116_1179,0.90612453
2021_1116_1180,0.99955773
2021_1116_1186,0.9992466
2021_1116_1196,0.8043826
2021_1116_1199,0.8131375
2021_1116_1207,0.87275416
2021_1116_1210,0.805484
2021_1116_1211,0.086973324
2021_1116_1213,0.9983461
2021_1116_1216,0.9969177
2021_1116_1222,0.68254924
2021_1116_1228,0.02821368
2021_1116_1233,0.99915177
2021_1116_1234,0.23529778
2021_1116_1242,0.55932635
2021_1116_1251,0.99783325
2021_1116_1260,0.7741047
2021_1116_1261,0.67066616
2021_1116_1268,0.5884206
2021_1116_1276,0.07878091
2021_1116_1277,0.48080337
2021_1116_1281,0.6730616
2021_1116_1287,0.9248216
2021_1116_1291,0.99921805
2021_1116_1313,0.9995774
2021_1116_1314,0.533868
2021_1116_1317,0.99086523
2021_1116_1325,0.9791732
2021_1116_1326,0.36196393
2021_1116_1328,0.9634446
2021_1116_1329,0.8928578
2021_1116_1331,0.9990896
2021_1116_1332,0.8651258
2021_1116_1333,0.96968585
2021_1116_1345,0.40726602
2021_1116_1353,0.34070027
2021_1116_1361,0.8324813
2021_1116_1364,0.97335005
2021_1116_1382,0.44711083
2021_1116_1393,0.8101983
2021_1116_1397,0.5755741
2021_1116_1400,0.9048875
2021_1116_1403,0.9780513
2021_1116_1411,0.99939394
2021_1116_1417,0.850492
2021_1116_1422,0.99424654
2021_1116_1425,0.53698623
2021_1116_1429,0.9297729
2021_1116_1433,0.7235881
2021_1116_1437,0.62526274
2021_1116_1438,0.26644486
2021_1116_1439,0.7202814
2021_1116_1452,0.9749744
2021_1116_1455,0.9214845
2021_1116_1457,0.9960276
2021_1116_1458,0.27333677
2021_1124_1140,0.70799094
2021_1124_1155,0.6768492
2021_1124_1156,0.9684994
2021_1124_1159,0.9974265
2021_1124_1160,0.965764
2021_1124_1163,0.97129047
2021_1124_1166,0.8887526
2021_1124_1179,0.9308624
2021_1124_1180,0.9998926
2021_1124_1186,0.99982435
2021_1124_1196,0.9510871
2021_1124_1199,0.9306232
2021_1124_1207,0.9335616
2021_1124_1210,0.9274981
2021_1124_1211,0.40773693
2021_1124_1213,0.9996567
2021_1124_1216,0.99939996
2021_1124_1222,0.8883601
2021_1124_1228,0.069856204
2021_1124_1233,0.9998297
2021_1124_1234,0.5461185
2021_1124_1242,0.768198
2021_1124_1251,0.9991144
2021_1124_1260,0.9207759
2021_1124_1261,0.8424039
2021_1124_1268,0.8043552
2021_1124_1276,0.1870885
2021_1124_1277,0.68040365
2021_1124_1281,0.8121015
2021_1124_1287,0.9786564
2021_1124_1291,0.9999403
2021_1124_1313,0.99991345
2021_1124_1314,0.80801976
2021_1124_1317,0.9968153
2021_1124_1325,0.975319
2021_1124_1326,0.64619136
2021_1124_1328,0.98984647
2021_1124_1329,0.9451636
2021_1124_1331,0.99918693
2021_1124_1332,0.939837
2021_1124_1333,0.9622413
2021_1124_1345,0.71015173
2021_1124_1353,0.4835447
2021_1124_1361,0.960273
2021_1124_1364,0.98613465
2021_1124_1382,0.71364605
2021_1124_1393,0.894969
2021_1124_1397,0.86155283
2021_1124_1400,0.9602994
2021_1124_1403,0.9951441
2021_1124_1411,0.9998802
2021_1124_1417,0.9095043
2021_1124_1422,0.99845105
2021_1124_1425,0.7594165
2021_1124_1429,0.98810995
2021_1124_1433,0.9272555
2021_1124_1437,0.837039
2021_1124_1438,0.61134255
2021_1124_1439,0.8724963
2021_1124_1452,0.99547255
2021_1124_1455,0.9219614
2021_1124_1457,0.9981005
2021_1124_1458,0.30254558
2021_1140_1155,0.5075912
2021_1140_1156,0.92774403
2021_1140_1159,0.9924551
2021_1140_1160,0.948674
2021_1140_1163,0.9369029
2021_1140_1166,0.80430984
2021_1140_1179,0.9094614
2021_1140_1180,0.9994126
2021_1140_1186,0.9990039
2021_1140_1196,0.8485905
2021_1140_1199,0.8967556
2021_1140_1207,0.83708715
2021_1140_1210,0.82188356
2021_1140_1211,0.13238703
2021_1140_1213,0.99773186
2021_1140_1216,0.9961978
2021_1140_1222,0.77306205
2021_1140_1228,0.027244158
2021_1140_1233,0.9988785
2021_1140_1234,0.31270093
2021_1140_1242,0.74215114
2021_1140_1251,0.9967712
2021_1140_1260,0.823722
2021_1140_1261,0.64453614
2021_1140_1268,0.6169556
2021_1140_1276,0.08118964
2021_1140_1277,0.5049646
2021_1140_1281,0.75213766
2021_1140_1287,0.9376895
2021_1140_1291,0.9982294
2021_1140_1313,0.9992391
2021_1140_1314,0.64630014
2021_1140_1317,0.991939
2021_1140_1325,0.98215544
2021_1140_1326,0.4142224
2021_1140_1328,0.9663416
2021_1140_1329,0.947005
2021_1140_1331,0.9991962
2021_1140_1332,0.87953776
2021_1140_1333,0.94894993
2021_1140_1345,0.55288625
2021_1140_1353,0.39401925
2021_1140_1361,0.8173032
2021_1140_1364,0.96752036
2021_1140_1382,0.5603741
2021_1140_1393,0.74905163
2021_1140_1397,0.77077734
2021_1140_1400,0.93371487
2021_1140_1403,0.9818026
2021_1140_1411,0.99890965
2021_1140_1417,0.7844136
2021_1140_1422,0.99367213
2021_1140_1425,0.71561575
2021_1140_1429,0.96583754
2021_1140_1433,0.8117244
2021_1140_1437,0.7063219
2021_1140_1438,0.44658846
2021_1140_1439,0.70510656
2021_1140_1452,0.97916186
2021_1140_1455,0.8986031
2021_1140_1457,0.99412626
2021_1140_1458,0.382469
2021_1155_1156,0.9794511
2021_1155_1159,0.99518526
2021_1155_1160,0.92720896
2021_1155_1163,0.95842576
2021_1155_1166,0.83575684
2021_1155_1179,0.93665826
2021_1155_1180,0.999702
2021_1155_1186,0.9995798
2021_1155_1196,0.91083574
2021_1155_1199,0.8891537
2021_1155_1207,0.90033257
2021_1155_1210,0.85476273
2021_1155_1211,0.15457338
2021_1155_1213,0.999091
2021_1155_1216,0.9991674
2021_1155_1222,0.82972395
2021_1155_1228,0.1460815
2021_1155_1233,0.99963856
2021_1155_1234,0.5751983
2021_1155_1242,0.8883433
2021_1155_1251,0.99841094
2021_1155_1260,0.8967394
2021_1155_1261,0.7707908
2021_1155_1268,0.7982576
2021_1155_1276,0.29255176
2021_1155_1277,0.66847175
2021_1155_1281,0.8174955
2021_1155_1287,0.9861044
2021_1155_1291,0.9997863
2021_1155_1313,0.9998186
2021_1155_1314,0.85840064
2021_1155_1317,0.98939466
2021_1155_1325,0.9438689
2021_1155_1326,0.73047507
2021_1155_1328,0.96739745
2021_1155_1329,0.9637126
2021_1155_1331,0.9988694
2021_1155_1332,0.84518147
2021_1155_1333,0.9300653
2021_1155_1345,0.8019177
2021_1155_1353,0.62749416
2021_1155_1361,0.89238656
2021_1155_1364,0.98030746
2021_1155_1382,0.8082868
2021_1155_1393,0.78150165
2021_1155_1397,0.8936188
2021_1155_1400,0.9289734
2021_1155_1403,0.99072695
2021_1155_1411,0.99977934
2021_1155_1417,0.8100789
2021_1155_1422,0.99353826
2021_1155_1425,0.8235607
2021_1155_1429,0.96608055
2021_1155_1433,0.9545914
2021_1155_1437,0.8109944
2021_1155_1438,0.59446776
2021_1155_1439,0.8424407
2021_1155_1452,0.97933567
2021_1155_1455,0.9219917
2021_1155_1457,0.9972563
2021_1155_1458,0.59926
2021_1156_1159,0.8105533
2021_1156_1160,0.23032555
2021_1156_1163,0.22715111
2021_1156_1166,0.12730119
2021_1156_1179,0.14978969
2021_1156_1180,0.9649886
2021_1156_1186,0.98836917
2021_1156_1196,0.30144608
2021_1156_1199,0.1413274
2021_1156_1207,0.48104063
2021_1156_1210,0.16961384
2021_1156_1211,0.00016555711
2021_1156_1213,0.93595487
2021_1156_1216,0.7724312
2021_1156_1222,0.102869496
2021_1156_1228,0.0070166364
2021_1156_1233,0.9384461
2021_1156_1234,0.007061012
2021_1156_1242,0.30607036
2021_1156_1251,0.91760737
2021_1156_1260,0.25335407
2021_1156_1261,0.05418154
2021_1156_1268,0.1902448
2021_1156_1276,0.01947394
2021_1156_1277,0.11517082
2021_1156_1281,0.17717426
2021_1156_1287,0.43910933
2021_1156_1291,0.9765051
2021_1156_1313,0.9562745
2021_1156_1314,0.16851962
2021_1156_1317,0.7229402
2021_1156_1325,0.38595957
2021_1156_1326,0.010085821
2021_1156_1328,0.4371306
2021_1156_1329,0.47288638
2021_1156_1331,0.7949811
2021_1156_1332,0.21838295
2021_1156_1333,0.45522916
2021_1156_1345,0.14607352
2021_1156_1353,0.12234868
2021_1156_1361,0.24527647
2021_1156_1364,0.3780797
2021_1156_1382,0.12266244
2021_1156_1393,0.13844416
2021_1156_1397,0.31893486
2021_1156_1400,0.36791033
2021_1156_1403,0.38027218
2021_1156_1411,0.9315224
2021_1156_1417,0.18147542
2021_1156_1422,0.77716637
2021_1156_1425,0.15271743
2021_1156_1429,0.5102043
2021_1156_1433,0.3169186
2021_1156_1437,0.049757943
2021_1156_1438,0.067099236
2021_1156_1439,0.14665443
2021_1156_1452,0.4142369
2021_1156_1455,0.250664
2021_1156_1457,0.8746724
2021_1156_1458,0.03974908
2021_1159_1160,0.06933942
2021_1159_1163,0.05320175
2021_1159_1166,0.013768874
2021_1159_1179,0.011039689
2021_1159_1180,0.9548648
2021_1159_1186,0.9540478
2021_1159_1196,0.0074319392
2021_1159_1199,0.020651512
2021_1159_1207,0.0064615235
2021_1159_1210,0.017334484
2021_1159_1211,4.7531084e-05
2021_1159_1213,0.9066141
2021_1159_1216,0.690772
2021_1159_1222,0.009969331
2021_1159_1228,0.001599528
2021_1159_1233,0.8394132
2021_1159_1234,0.0018329918
2021_1159_1242,0.0067772716
2021_1159_1251,0.7793327
2021_1159_1260,0.07301642
2021_1159_1261,0.005086884
2021_1159_1268,0.003661476
2021_1159_1276,0.00192161
2021_1159_1277,0.0020043254
2021_1159_1281,0.0023686439
2021_1159_1287,0.21034433
2021_1159_1291,0.9863268
2021_1159_1313,0.9508671
2021_1159_1314,0.008119546
2021_1159_1317,0.2590011
2021_1159_1325,0.10343081
2021_1159_1326,0.0006637126
2021_1159_1328,0.07875033
2021_1159_1329,0.008988462
2021_1159_1331,0.812998
2021_1159_1332,0.017807089
2021_1159_1333,0.025223821
2021_1159_1345,0.002356045
2021_1159_1353,0.0016300231
2021_1159_1361,0.0712832
2021_1159_1364,0.14425711
2021_1159_1382,0.030101866
2021_1159_1393,0.006806813
2021_1159_1397,0.017301768
2021_1159_1400,0.01591368
2021_1159_1403,0.1880754
2021_1159_1411,0.90802526
2021_1159_1417,0.009523429
2021_1159_1422,0.37533796
2021_1159_1425,0.018785536
2021_1159_1429,0.18175153
2021_1159_1433,0.02410271
2021_1159_1437,0.009100035
2021_1159_1438,0.0029385835
2021_1159_1439,0.008526139
2021_1159_1452,0.10809308
2021_1159_1455,0.01380413
2021_1159_1457,0.6375009
2021_1159_1458,0.0015878007
2021_1160_1163,0.43681487
2021_1160_1166,0.21810234
2021_1160_1179,0.55813676
2021_1160_1180,0.9967279
2021_1160_1186,0.9937135
2021_1160_1196,0.38633803
2021_1160_1199,0.35509446
2021_1160_1207,0.48384884
2021_1160_1210,0.36396664
2021_1160_1211,0.018028446
2021_1160_1213,0.9885422
2021_1160_1216,0.9680544
2021_1160_1222,0.3400057
2021_1160_1228,0.0032897294
2021_1160_1233,0.9928784
2021_1160_1234,0.031466663
2021_1160_1242,0.14272094
2021_1160_1251,0.98239595
2021_1160_1260,0.37753752
2021_1160_1261,0.26923397
2021_1160_1268,0.31759351
2021_1160_1276,0.006250404
2021_1160_1277,0.28581947
2021_1160_1281,0.31960532
2021_1160_1287,0.7995217
2021_1160_1291,0.99142927
2021_1160_1313,0.99556565
2021_1160_1314,0.19419545
2021_1160_1317,0.96251184
2021_1160_1325,0.91757005
2021_1160_1326,0.07159299
2021_1160_1328,0.76507616
2021_1160_1329,0.4890173
2021_1160_1331,0.9955122
2021_1160_1332,0.42925525
2021_1160_1333,0.827448
2021_1160_1345,0.0666837
2021_1160_1353,0.13560002
2021_1160_1361,0.35203555
2021_1160_1364,0.80899096
2021_1160_1382,0.10409038
2021_1160_1393,0.4147391
2021_1160_1397,0.19020021
2021_1160_1400,0.5381232
2021_1160_1403,0.7839235
2021_1160_1411,0.994895
2021_1160_1417,0.4746597
2021_1160_1422,0.96586263
2021_1160_1425,0.106323525
2021_1160_1429,0.7988134
2021_1160_1433,0.21497701
2021_1160_1437,0.19708492
2021_1160_1438,0.06375654
2021_1160_1439,0.33381182
2021_1160_1452,0.9257981
2021_1160_1455,0.641089
2021_1160_1457,0.9597076
2021_1160_1458,0.05753047
2021_1163_1166,0.28931963
2021_1163_1179,0.57503366
2021_1163_1180,0.9970821
2021_1163_1186,0.99236643
2021_1163_1196,0.39650387
2021_1163_1199,0.40647405
2021_1163_1207,0.47631308
2021_1163_1210,0.37752682
2021_1163_1211,0.019824557
2021_1163_1213,0.9876915
2021_1163_1216,0.9748374
2021_1163_1222,0.38051775
2021_1163_1228,0.003572382
2021_1163_1233,0.9936505
2021_1163_1234,0.0441522
2021_1163_1242,0.15160638
2021_1163_1251,0.98374826
2021_1163_1260,0.34827107
2021_1163_1261,0.31556132
2021_1163_1268,0.3042729
2021_1163_1276,0.008309856
2021_1163_1277,0.2588151
2021_1163_1281,0.289021
2021_1163_1287,0.7626523
2021_1163_1291,0.99109906
2021_1163_1313,0.99651283
2021_1163_1314,0.21528149
2021_1163_1317,0.9627961
2021_1163_1325,0.9435669
2021_1163_1326,0.13044444
2021_1163_1328,0.7766987
2021_1163_1329,0.5304473
2021_1163_1331,0.9979347
2021_1163_1332,0.46033537
2021_1163_1333,0.7498735
2021_1163_1345,0.09891825
2021_1163_1353,0.12531897
2021_1163_1361,0.33097368
2021_1163_1364,0.8509387
2021_1163_1382,0.083095394
2021_1163_1393,0.38771227
2021_1163_1397,0.22260097
2021_1163_1400,0.58812964
2021_1163_1403,0.84575474
2021_1163_1411,0.99574685
2021_1163_1417,0.41925308
2021_1163_1422,0.9716329
2021_1163_1425,0.13733187
2021_1163_1429,0.78211147
2021_1163_1433,0.21231532
2021_1163_1437,0.25053704
2021_1163_1438,0.06175922
2021_1163_1439,0.3011399
2021_1163_1452,0.9174779
2021_1163_1455,0.5602312
2021_1163_1457,0.9507246
2021_1163_1458,0.08101037
2021_1166_1179,0.82685477
2021_1166_1180,0.99855894
2021_1166_1186,0.99712014
2021_1166_1196,0.6501509
2021_1166_1199,0.7450564
2021_1166_1207,0.6798942
2021_1166_1210,0.6548203
2021_1166_1211,0.067290656
2021_1166_1213,0.993408
2021_1166_1216,0.98835754
2021_1166_1222,0.5297795
2021_1166_1228,0.00805822
2021_1166_1233,0.9966649
2021_1166_1234,0.11358366
2021_1166_1242,0.38583088
2021_1166_1251,0.99222517
2021_1166_1260,0.6174219
2021_1166_1261,0.5450468
2021_1166_1268,0.42477825
2021_1166_1276,0.021972425
2021_1166_1277,0.42397836
2021_1166_1281,0.58487606
2021_1166_1287,0.90507865
2021_1166_1291,0.9946985
2021_1166_1313,0.99756217
2021_1166_1314,0.34605026
2021_1166_1317,0.9835867
2021_1166_1325,0.9700168
2021_1166_1326,0.22116876
2021_1166_1328,0.9276029
2021_1166_1329,0.83559734
2021_1166_1331,0.99809253
2021_1166_1332,0.801581
2021_1166_1333,0.9000588
2021_1166_1345,0.19144952
2021_1166_1353,0.2481521
2021_1166_1361,0.60569435
2021_1166_1364,0.9361106
2021_1166_1382,0.30108684
2021_1166_1393,0.60375726
2021_1166_1397,0.43271273
2021_1166_1400,0.8402679
2021_1166_1403,0.95117724
2021_1166_1411,0.99713683
2021_1166_1417,0.6551122
2021_1166_1422,0.9857476
2021_1166_1425,0.3398905
2021_1166_1429,0.93733263
2021_1166_1433,0.56621444
2021_1166_1437,0.47324216
2021_1166_1438,0.20840786
2021_1166_1439,0.5821589
2021_1166_1452,0.96392405
2021_1166_1455,0.7964927
2021_1166_1457,0.9882188
2021_1166_1458,0.12324892
2021_1179_1180,0.9985969
2021_1179_1186,0.9977521
2021_1179_1196,0.32597977
2021_1179_1199,0.18994449
2021_1179_1207,0.39215633
2021_1179_1210,0.19800888
2021_1179_1211,0.011536972
2021_1179_1213,0.99649096
2021_1179_1216,0.989856
2021_1179_1222,0.3504349
2021_1179_1228,0.0052012727
2021_1179_1233,0.9981676
2021_1179_1234,0.01640734
2021_1179_1242,0.3485121
2021_1179_1251,0.9931074
2021_1179_1260,0.44869784
2021_1179_1261,0.16973361
2021_1179_1268,0.17786266
2021_1179_1276,0.014503501
2021_1179_1277,0.103693806
2021_1179_1281,0.15308921
2021_1179_1287,0.7312525
2021_1179_1291,0.99861646
2021_1179_1313,0.9990654
2021_1179_1314,0.27770334
2021_1179_1317,0.9527299
2021_1179_1325,0.7871907
2021_1179_1326,0.027103893
2021_1179_1328,0.5114217
2021_1179_1329,0.39244884
2021_1179_1331,0.9964924
2021_1179_1332,0.30882573
2021_1179_1333,0.6396196
2021_1179_1345,0.12646961
2021_1179_1353,0.10520697
2021_1179_1361,0.4105078
2021_1179_1364,0.8116883
2021_1179_1382,0.17309779
2021_1179_1393,0.18298247
2021_1179_1397,0.3909461
2021_1179_1400,0.36988133
2021_1179_1403,0.7808144
2021_1179_1411,0.9987983
2021_1179_1417,0.2246935
2021_1179_1422,0.89766717
2021_1179_1425,0.15571514
2021_1179_1429,0.7397066
2021_1179_1433,0.3481543
2021_1179_1437,0.0782065
2021_1179_1438,0.05127441
2021_1179_1439,0.21107212
2021_1179_1452,0.6706836
2021_1179_1455,0.45593777
2021_1179_1457,0.95552385
2021_1179_1458,0.06951613
2021_1180_1186,0.5159974
2021_1180_1196,0.0019218177
2021_1180_1199,0.0013449639
2021_1180_1207,0.003544815
2021_1180_1210,0.0016552061
2021_1180_1211,1.0982147e-06
2021_1180_1213,0.31357485
2021_1180_1216,0.18289413
2021_1180_1222,0.0010746514
2021_1180_1228,6.690696e-05
2021_1180_1233,0.44596153
2021_1180_1234,0.00013942385
2021_1180_1242,0.0010970568
2021_1180_1251,0.29956925
2021_1180_1260,0.0013210118
2021_1180_1261,0.00081272423
2021_1180_1268,0.0013260186
2021_1180_1276,0.00012242135
2021_1180_1277,0.0009701175
2021_1180_1281,0.0012026114
2021_1180_1287,0.008060381
2021_1180_1291,0.505147
2021_1180_1313,0.51865256
2021_1180_1314,0.0011062081
2021_1180_1317,0.06687401
2021_1180_1325,0.0056681186
2021_1180_1326,0.00029215217
2021_1180_1328,0.004785463
2021_1180_1329,0.0026145205
2021_1180_1331,0.21056223
2021_1180_1332,0.0018268526
2021_1180_1333,0.0041847527
2021_1180_1345,0.0006558871
2021_1180_1353,0.0009186155
2021_1180_1361,0.0025064722
2021_1180_1364,0.00764367
2021_1180_1382,0.0007523553
2021_1180_1393,0.0012922287
2021_1180_1397,0.0014154941
2021_1180_1400,0.0020038188
2021_1180_1403,0.018745616
2021_1180_1411,0.44262135
2021_1180_1417,0.0016912073
2021_1180_1422,0.079671375
2021_1180_1425,0.00091918465
2021_1180_1429,0.011901304
2021_1180_1433,0.0015844628
2021_1180_1437,0.0007391423
2021_1180_1438,0.00042652903
2021_1180_1439,0.0011561736
2021_1180_1452,0.007592745
2021_1180_1455,0.0017152727
2021_1180_1457,0.15344065
2021_1180_1458,0.0003905176
2021_1186_1196,0.0030687824
2021_1186_1199,0.0015504658
2021_1186_1207,0.0052871928
2021_1186_1210,0.0025534406
2021_1186_1211,2.1385192e-06
2021_1186_1213,0.28636047
2021_1186_1216,0.08209059
2021_1186_1222,0.0008684718
2021_1186_1228,8.201708e-05
2021_1186_1233,0.27679542
2021_1186_1234,0.0001393699
2021_1186_1242,0.0014553346
2021_1186_1251,0.27748084
2021_1186_1260,0.0012186517
2021_1186_1261,0.00093233585
2021_1186_1268,0.002311686
2021_1186_1276,0.00012296079
2021_1186_1277,0.0019280366
2021_1186_1281,0.0018517377
2021_1186_1287,0.008400701
2021_1186_1291,0.48248684
2021_1186_1313,0.36004972
2021_1186_1314,0.0017683748
2021_1186_1317,0.036391787
2021_1186_1325,0.007959321
2021_1186_1326,0.00034364767
2021_1186_1328,0.006104864
2021_1186_1329,0.0034406707
2021_1186_1331,0.27829367
2021_1186_1332,0.0014717951
2021_1186_1333,0.0063839853
2021_1186_1345,0.0011476373
2021_1186_1353,0.0014336329
2021_1186_1361,0.0016746148
2021_1186_1364,0.008146122
2021_1186_1382,0.0009896555
2021_1186_1393,0.0019649342
2021_1186_1397,0.0017355613
2021_1186_1400,0.0027769431
2021_1186_1403,0.015878282
2021_1186_1411,0.30634004
2021_1186_1417,0.002489917
2021_1186_1422,0.061293773
2021_1186_1425,0.0011547015
2021_1186_1429,0.0068070665
2021_1186_1433,0.002161093
2021_1186_1437,0.0007882267
2021_1186_1438,0.00046134382
2021_1186_1439,0.001293473
2021_1186_1452,0.007743381
2021_1186_1455,0.0023701712
2021_1186_1457,0.15318707
2021_1186_1458,0.00069210044
2021_1196_1199,0.622751
2021_1196_1207,0.64719385
2021_1196_1210,0.5713394
2021_1196_1211,0.048408367
2021_1196_1213,0.9946015
2021_1196_1216,0.9933964
2021_1196_1222,0.37483233
2021_1196_1228,0.01223065
2021_1196_1233,0.99736655
2021_1196_1234,0.093957625
2021_1196_1242,0.45698664
2021_1196_1251,0.9896308
2021_1196_1260,0.4863841
2021_1196_1261,0.4850085
2021_1196_1268,0.4130705
2021_1196_1276,0.02911134
2021_1196_1277,0.40251467
2021_1196_1281,0.5150585
2021_1196_1287,0.9052348
2021_1196_1291,0.9967158
2021_1196_1313,0.99823797
2021_1196_1314,0.35333213
2021_1196_1317,0.98195875
2021_1196_1325,0.9594618
2021_1196_1326,0.27276513
2021_1196_1328,0.8747837
2021_1196_1329,0.82933825
2021_1196_1331,0.99860775
2021_1196_1332,0.69179606
2021_1196_1333,0.8067037
2021_1196_1345,0.2873851
2021_1196_1353,0.2677069
2021_1196_1361,0.6007917
2021_1196_1364,0.93595225
2021_1196_1382,0.30518615
2021_1196_1393,0.52652
2021_1196_1397,0.39525586
2021_1196_1400,0.7782563
2021_1196_1403,0.9135503
2021_1196_1411,0.99818254
2021_1196_1417,0.5685158
2021_1196_1422,0.9826664
2021_1196_1425,0.32802203
2021_1196_1429,0.8806522
2021_1196_1433,0.629646
2021_1196_1437,0.4821739
2021_1196_1438,0.26550722
2021_1196_1439,0.5631008
2021_1196_1452,0.899256
2021_1196_1455,0.7245811
2021_1196_1457,0.9860862
2021_1196_1458,0.1547087
2021_1199_1207,0.6306506
2021_1199_1210,0.53976345
2021_1199_1211,0.048927896
2021_1199_1213,0.99231344
2021_1199_1216,0.98348033
2021_1199_1222,0.44851384
2021_1199_1228,0.0053181946
2021_1199_1233,0.9957784
2021_1199_1234,0.061559916
2021_1199_1242,0.2813192
2021_1199_1251,0.9891824
2021_1199_1260,0.53661466
2021_1199_1261,0.4321524
2021_1199_1268,0.37741703
2021_1199_1276,0.012734458
2021_1199_1277,0.39075756
2021_1199_1281,0.5100293
2021_1199_1287,0.87957764
2021_1199_1291,0.9940113
2021_1199_1313,0.9970409
2021_1199_1314,0.27689582
2021_1199_1317,0.978845
2021_1199_1325,0.9525759
2021_1199_1326,0.14833423
2021_1199_1328,0.88695014
2021_1199_1329,0.6988987
2021_1199_1331,0.99653137
2021_1199_1332,0.7220757
2021_1199_1333,0.8880229
2021_1199_1345,0.13467902
2021_1199_1353,0.18267581
2021_1199_1361,0.53133893
2021_1199_1364,0.9096106
2021_1199_1382,0.19602364
2021_1199_1393,0.5371449
2021_1199_1397,0.33649328
2021_1199_1400,0.72797316
2021_1199_1403,0.91957206
2021_1199_1411,0.9965075
2021_1199_1417,0.595978
2021_1199_1422,0.98047125
2021_1199_1425,0.24418792
2021_1199_1429,0.9111298
2021_1199_1433,0.454933
2021_1199_1437,0.3247582
2021_1199_1438,0.1410169
2021_1199_1439,0.48543692
2021_1199_1452,0.95366365
2021_1199_1455,0.7460218
2021_1199_1457,0.98642486
2021_1199_1458,0.082157604
2021_1207_1210,0.68193257
2021_1207_1211,0.03761564
2021_1207_1213,0.99341583
2021_1207_1216,0.9966968
2021_1207_1222,0.22271548
2021_1207_1228,0.019599363
2021_1207_1233,0.9984919
2021_1207_1234,0.16539428
2021_1207_1242,0.52550215
2021_1207_1251,0.99088
2021_1207_1260,0.31407338
2021_1207_1261,0.5681809
2021_1207_1268,0.46282703
2021_1207_1276,0.050108954
2021_1207_1277,0.40792593
2021_1207_1281,0.56551033
2021_1207_1287,0.92236626
2021_1207_1291,0.9991742
2021_1207_1313,0.99922436
2021_1207_1314,0.4121996
2021_1207_1317,0.97518504
2021_1207_1325,0.94650775
2021_1207_1326,0.42784712
2021_1207_1328,0.88545465
2021_1207_1329,0.8344394
2021_1207_1331,0.99896264
2021_1207_1332,0.7299472
2021_1207_1333,0.81795573
2021_1207_1345,0.35838562
2021_1207_1353,0.3279616
2021_1207_1361,0.57927305
2021_1207_1364,0.89777255
2021_1207_1382,0.39309365
2021_1207_1393,0.6051009
2021_1207_1397,0.48548502
2021_1207_1400,0.80497825
2021_1207_1403,0.90698946
2021_1207_1411,0.999187
2021_1207_1417,0.6331018
2021_1207_1422,0.9712326
2021_1207_1425,0.4335817
2021_1207_1429,0.8642101
2021_1207_1433,0.6629501
2021_1207_1437,0.5502788
2021_1207_1438,0.34786728
2021_1207_1439,0.58047676
2021_1207_1452,0.903972
2021_1207_1455,0.71861076
2021_1207_1457,0.98576653
2021_1207_1458,0.19685128
2021_1210_1211,0.06168004
2021_1210_1213,0.9919329
2021_1210_1216,0.9898566
2021_1210_1222,0.30993262
2021_1210_1228,0.006714843
2021_1210_1233,0.99618673
2021_1210_1234,0.074576765
2021_1210_1242,0.3825045
2021_1210_1251,0.98836946
2021_1210_1260,0.4394502
2021_1210_1261,0.4054611
2021_1210_1268,0.44690377
2021_1210_1276,0.017350487
2021_1210_1277,0.39646
2021_1210_1281,0.4935047
2021_1210_1287,0.90346485
2021_1210_1291,0.9967617
2021_1210_1313,0.99772656
2021_1210_1314,0.357083
2021_1210_1317,0.9840013
2021_1210_1325,0.9663167
2021_1210_1326,0.21923478
2021_1210_1328,0.8942795
2021_1210_1329,0.7627709
2021_1210_1331,0.99834824
2021_1210_1332,0.6639023
2021_1210_1333,0.8498814
2021_1210_1345,0.23352577
2021_1210_1353,0.2722926
2021_1210_1361,0.4822793
2021_1210_1364,0.9232167
2021_1210_1382,0.253949
2021_1210_1393,0.52796614
2021_1210_1397,0.45468375
2021_1210_1400,0.7865026
2021_1210_1403,0.94372565
2021_1210_1411,0.99764764
2021_1210_1417,0.5644171
2021_1210_1422,0.9826256
2021_1210_1425,0.2833305
2021_1210_1429,0.9248137
2021_1210_1433,0.5590695
2021_1210_1437,0.42870915
2021_1210_1438,0.18467113
2021_1210_1439,0.5065322
2021_1210_1452,0.9453218
2021_1210_1455,0.68516946
2021_1210_1457,0.9803919
2021_1210_1458,0.12834407
2021_1211_1213,0.9999142
2021_1211_1216,0.99999464
2021_1211_1222,0.9057832
2021_1211_1228,0.5931655
2021_1211_1233,0.99999356
2021_1211_1234,0.58096296
2021_1211_1242,0.9159659
2021_1211_1251,0.9997729
2021_1211_1260,0.97685385
2021_1211_1261,0.7385459
2021_1211_1268,0.810054
2021_1211_1276,0.6542287
2021_1211_1277,0.81041723
2021_1211_1281,0.8384974
2021_1211_1287,0.99977684
2021_1211_1291,0.99999934
2021_1211_1313,0.99999726
2021_1211_1314,0.8595865
2021_1211_1317,0.998173
2021_1211_1325,0.99169135
2021_1211_1326,0.6266129
2021_1211_1328,0.9549123
2021_1211_1329,0.9322901
2021_1211_1331,0.99996805
2021_1211_1332,0.91550756
2021_1211_1333,0.9813628
2021_1211_1345,0.7055279
2021_1211_1353,0.7213205
2021_1211_1361,0.9555713
2021_1211_1364,0.9950885
2021_1211_1382,0.90652037
2021_1211_1393,0.8477373
2021_1211_1397,0.9437189
2021_1211_1400,0.87650573
2021_1211_1403,0.9655231
2021_1211_1411,0.9999982
2021_1211_1417,0.86006415
2021_1211_1422,0.99940574
2021_1211_1425,0.8490277
2021_1211_1429,0.9932724
2021_1211_1433,0.9804344
2021_1211_1437,0.7119862
2021_1211_1438,0.7556595
2021_1211_1439,0.94897616
2021_1211_1452,0.884671
2021_1211_1455,0.98448503
2021_1211_1457,0.9996105
2021_1211_1458,0.6438818
2021_1213_1216,0.16496953
2021_1213_1222,0.0022739246
2021_1213_1228,0.000106765896
2021_1213_1233,0.4029951
2021_1213_1234,0.00032162666
2021_1213_1242,0.003098622
2021_1213_1251,0.41844133
2021_1213_1260,0.0025272071
2021_1213_1261,0.0018208176
2021_1213_1268,0.0056547928
2021_1213_1276,0.00017236105
2021_1213_1277,0.005102359
2021_1213_1281,0.0024096146
2021_1213_1287,0.015316501
2021_1213_1291,0.6286314
2021_1213_1313,0.5185416
2021_1213_1314,0.003846936
2021_1213_1317,0.037443385
2021_1213_1325,0.010657407
2021_1213_1326,0.0010063946
2021_1213_1328,0.010953069
2021_1213_1329,0.0060571805
2021_1213_1331,0.47567797
2021_1213_1332,0.002496153
2021_1213_1333,0.006301582
2021_1213_1345,0.0026192963
2021_1213_1353,0.0033089279
2021_1213_1361,0.0021915734
2021_1213_1364,0.008669719
2021_1213_1382,0.0012156442
2021_1213_1393,0.0027883872
2021_1213_1397,0.0029300153
2021_1213_1400,0.007853702
2021_1213_1403,0.025495075
2021_1213_1411,0.4701345
2021_1213_1417,0.0029374138
2021_1213_1422,0.06256397
2021_1213_1425,0.0015832707
2021_1213_1429,0.009454034
2021_1213_1433,0.0034366995
2021_1213_1437,0.0018655956
2021_1213_1438,0.00093934685
2021_1213_1439,0.001599215
2021_1213_1452,0.01675371
2021_1213_1455,0.0035138875
2021_1213_1457,0.24974418
2021_1213_1458,0.0018514936
2021_1216_1222,0.009700395
2021_1216_1228,0.00039476293
2021_1216_1233,0.67065954
2021_1216_1234,0.00056675076
2021_1216_1242,0.031895936
2021_1216_1251,0.5336211
2021_1216_1260,0.010651246
2021_1216_1261,0.0021030456
2021_1216_1268,0.0075479597
2021_1216_1276,0.0012600496
2021_1216_1277,0.0031023398
2021_1216_1281,0.0049480572
2021_1216_1287,0.047131084
2021_1216_1291,0.73491615
2021_1216_1313,0.7427428
2021_1216_1314,0.008682989
2021_1216_1317,0.14005548
2021_1216_1325,0.057400502
2021_1216_1326,0.0006317347
2021_1216_1328,0.02306971
2021_1216_1329,0.061573043
2021_1216_1331,0.5078027
2021_1216_1332,0.019370899
2021_1216_1333,0.013601348
2021_1216_1345,0.00366316
2021_1216_1353,0.00342796
2021_1216_1361,0.024057172
2021_1216_1364,0.032354303
2021_1216_1382,0.0075434595
2021_1216_1393,0.0052186474
2021_1216_1397,0.02482462
2021_1216_1400,0.03978669
2021_1216_1403,0.045423128
2021_1216_1411,0.72714853
2021_1216_1417,0.0069686323
2021_1216_1422,0.2558259
2021_1216_1425,0.0118627995
2021_1216_1429,0.036627226
2021_1216_1433,0.018891156
2021_1216_1437,0.0027450323
2021_1216_1438,0.0041900203
2021_1216_1439,0.014045693
2021_1216_1452,0.0641453
2021_1216_1455,0.024106607
2021_1216_1457,0.4178094
2021_1216_1458,0.0030144777
2021_1222_1228,0.025365584
2021_1222_1233,0.99907446
2021_1222_1234,0.09910624
2021_1222_1242,0.46696365
2021_1222_1251,0.99611866
2021_1222_1260,0.6110656
2021_1222_1261,0.4187024
2021_1222_1268,0.5420189
2021_1222_1276,0.04416319
2021_1222_1277,0.52870005
2021_1222_1281,0.72436756
2021_1222_1287,0.8078592
2021_1222_1291,0.99916816
2021_1222_1313,0.9994525
2021_1222_1314,0.5048158
2021_1222_1317,0.9895748
2021_1222_1325,0.9193462
2021_1222_1326,0.17720972
2021_1222_1328,0.9610914
2021_1222_1329,0.8084807
2021_1222_1331,0.99725485
2021_1222_1332,0.7707348
2021_1222_1333,0.94471383
2021_1222_1345,0.30661926
2021_1222_1353,0.3690276
2021_1222_1361,0.72899413
2021_1222_1364,0.93160665
2021_1222_1382,0.36399075
2021_1222_1393,0.7486708
2021_1222_1397,0.55367965
2021_1222_1400,0.84442794
2021_1222_1403,0.96217215
2021_1222_1411,0.9992859
2021_1222_1417,0.7898357
2021_1222_1422,0.9931022
2021_1222_1425,0.39087045
2021_1222_1429,0.94502354
2021_1222_1433,0.64482445
2021_1222_1437,0.41592556
2021_1222_1438,0.280462
2021_1222_1439,0.7831742
2021_1222_1452,0.97687185
2021_1222_1455,0.84702593
2021_1222_1457,0.99031603
2021_1222_1458,0.21343884
2021_1228_1233,0.99991906
2021_1228_1234,0.97909224
2021_1228_1242,0.9834955
2021_1228_1251,0.9997559
2021_1228_1260,0.9877113
2021_1228_1261,0.9908302
2021_1228_1268,0.9774241
2021_1228_1276,0.8454462
2021_1228_1277,0.87467885
2021_1228_1281,0.9602223
2021_1228_1287,0.99619853
2021_1228_1291,0.99990684
2021_1228_1313,0.9999583
2021_1228_1314,0.9799432
2021_1228_1317,0.9991113
2021_1228_1325,0.9984869
2021_1228_1326,0.98405683
2021_1228_1328,0.9983718
2021_1228_1329,0.9930812
2021_1228_1331,0.9999299
2021_1228_1332,0.99076563
2021_1228_1333,0.9937375
2021_1228_1345,0.97049695
2021_1228_1353,0.91509384
2021_1228_1361,0.9919218
2021_1228_1364,0.99717796
2021_1228_1382,0.9764953
2021_1228_1393,0.98393685
2021_1228_1397,0.9852999
2021_1228_1400,0.99547195
2021_1228_1403,0.99902093
2021_1228_1411,0.9999417
2021_1228_1417,0.9835156
2021_1228_1422,0.99939
2021_1228_1425,0.98749995
2021_1228_1429,0.9969493
2021_1228_1433,0.9873197
2021_1228_1437,0.9941383
2021_1228_1438,0.9581325
2021_1228_1439,0.98322695
2021_1228_1452,0.99895227
2021_1228_1455,0.9913756
2021_1228_1457,0.99951935
2021_1228_1458,0.9018966
2021_1233_1234,0.00027260184
2021_1233_1242,0.0034615323
2021_1233_1251,0.33772957
2021_1233_1260,0.0032500327
2021_1233_1261,0.0015052631
2021_1233_1268,0.0030827299
2021_1233_1276,0.0002422209
2021_1233_1277,0.0008612138
2021_1233_1281,0.001817733
2021_1233_1287,0.014005847
2021_1233_1291,0.54499644
2021_1233_1313,0.5282226
2021_1233_1314,0.0026036575
2021_1233_1317,0.06670781
2021_1233_1325,0.015770316
2021_1233_1326,0.0003407523
2021_1233_1328,0.008499764
2021_1233_1329,0.006707631
2021_1233_1331,0.17922291
2021_1233_1332,0.006352864
2021_1233_1333,0.0044306144
2021_1233_1345,0.0012338832
2021_1233_1353,0.0016228976
2021_1233_1361,0.0048970357
2021_1233_1364,0.010746524
2021_1233_1382,0.0017346293
2021_1233_1393,0.0021266937
2021_1233_1397,0.0029507875
2021_1233_1400,0.0068748444
2021_1233_1403,0.015999451
2021_1233_1411,0.4786179
2021_1233_1417,0.0026491582
2021_1233_1422,0.11797399
2021_1233_1425,0.0018784031
2021_1233_1429,0.008720323
2021_1233_1433,0.0033345595
2021_1233_1437,0.001276359
2021_1233_1438,0.0012499698
2021_1233_1439,0.003536649
2021_1233_1452,0.01308158
2021_1233_1455,0.010382287
2021_1233_1457,0.3121134
2021_1233_1458,0.0010854822
2021_1234_1242,0.7080658
2021_1234_1251,0.998515
2021_1234_1260,0.91088796
2021_1234_1261,0.78504336
2021_1234_1268,0.81008255
2021_1234_1276,0.2572043
2021_1234_1277,0.6566841
2021_1234_1281,0.75570893
2021_1234_1287,0.9803053
2021_1234_1291,0.99914765
2021_1234_1313,0.9997353
2021_1234_1314,0.76918805
2021_1234_1317,0.9958512
2021_1234_1325,0.9880931
2021_1234_1326,0.63164246
2021_1234_1328,0.9798957
2021_1234_1329,0.9178459
2021_1234_1331,0.99922764
2021_1234_1332,0.88636845
2021_1234_1333,0.9608224
2021_1234_1345,0.6421903
2021_1234_1353,0.52541316
2021_1234_1361,0.93878376
2021_1234_1364,0.9884401
2021_1234_1382,0.62553513
2021_1234_1393,0.8381733
2021_1234_1397,0.8533972
2021_1234_1400,0.9457396
2021_1234_1403,0.98942626
2021_1234_1411,0.99967813
2021_1234_1417,0.84600544
2021_1234_1422,0.99753386
2021_1234_1425,0.6833325
2021_1234_1429,0.9878102
2021_1234_1433,0.817361
2021_1234_1437,0.7860815
2021_1234_1438,0.5656954
2021_1234_1439,0.76419896
2021_1234_1452,0.9910415
2021_1234_1455,0.9317399
2021_1234_1457,0.9975787
2021_1234_1458,0.48406616
2021_1242_1251,0.9966873
2021_1242_1260,0.8503228
2021_1242_1261,0.74274206
2021_1242_1268,0.5414315
2021_1242_1276,0.18480304
2021_1242_1277,0.52650857
2021_1242_1281,0.7028477
2021_1242_1287,0.91247314
2021_1242_1291,0.99811816
2021_1242_1313,0.9993185
2021_1242_1314,0.6195904
2021_1242_1317,0.9898692
2021_1242_1325,0.96871865
2021_1242_1326,0.53577095
2021_1242_1328,0.9630205
2021_1242_1329,0.9191988
2021_1242_1331,0.9988694
2021_1242_1332,0.89999497
2021_1242_1333,0.936107
2021_1242_1345,0.60936946
2021_1242_1353,0.39874128
2021_1242_1361,0.9001727
2021_1242_1364,0.9697824
2021_1242_1382,0.6889517
2021_1242_1393,0.7460221
2021_1242_1397,0.7194936
2021_1242_1400,0.91637266
2021_1242_1403,0.9800837
2021_1242_1411,0.99900556
2021_1242_1417,0.79395145
2021_1242_1422,0.9921245
2021_1242_1425,0.7353476
2021_1242_1429,0.9617406
2021_1242_1433,0.81286645
2021_1242_1437,0.7237973
2021_1242_1438,0.4940704
2021_1242_1439,0.77384424
2021_1242_1452,0.96664965
2021_1242_1455,0.8554666
2021_1242_1457,0.99593914
2021_1242_1458,0.37333792
2021_1251_1260,0.011866681
2021_1251_1261,0.004777357
2021_1251_1268,0.00380259
2021_1251_1276,0.0003991257
2021_1251_1277,0.0025563166
2021_1251_1281,0.0028018057
2021_1251_1287,0.038269535
2021_1251_1291,0.7236608
2021_1251_1313,0.5008738
2021_1251_1314,0.0037687868
2021_1251_1317,0.20345394
2021_1251_1325,0.029068261
2021_1251_1326,0.0012034923
2021_1251_1328,0.026606813
2021_1251_1329,0.00799755
2021_1251_1331,0.5013128
2021_1251_1332,0.013544291
2021_1251_1333,0.01324749
2021_1251_1345,0.0024572536
2021_1251_1353,0.0023187175
2021_1251_1361,0.01673226
2021_1251_1364,0.052096806
2021_1251_1382,0.006793529
2021_1251_1393,0.0038713887
2021_1251_1397,0.004774846
2021_1251_1400,0.008370191
2021_1251_1403,0.14425325
2021_1251_1411,0.539379
2021_1251_1417,0.004980758
2021_1251_1422,0.23222166
2021_1251_1425,0.0053364336
2021_1251_1429,0.09778712
2021_1251_1433,0.008902289
2021_1251_1437,0.005454354
2021_1251_1438,0.0026259422
2021_1251_1439,0.005397685
2021_1251_1452,0.034817986
2021_1251_1455,0.012216844
2021_1251_1457,0.40109694
2021_1251_1458,0.0015327483
2021_1260_1261,0.31406105
2021_1260_1268,0.46495557
2021_1260_1276,0.034389704
2021_1260_1277,0.4310844
2021_1260_1281,0.4259432
2021_1260_1287,0.8414468
2021_1260_1291,0.99795765
2021_1260_1313,0.99857247
2021_1260_1314,0.42155465
2021_1260_1317,0.9707288
2021_1260_1325,0.95860004
2021_1260_1326,0.13522333
2021_1260_1328,0.94021595
2021_1260_1329,0.6772214
2021_1260_1331,0.99839944
2021_1260_1332,0.60121423
2021_1260_1333,0.9004375
2021_1260_1345,0.22030866
2021_1260_1353,0.32004806
2021_1260_1361,0.56381786
2021_1260_1364,0.90359384
2021_1260_1382,0.24986863
2021_1260_1393,0.5952396
2021_1260_1397,0.53000456
2021_1260_1400,0.8252996
2021_1260_1403,0.96241105
2021_1260_1411,0.99807525
2021_1260_1417,0.6865902
2021_1260_1422,0.97866136
2021_1260_1425,0.37548357
2021_1260_1429,0.93644834
2021_1260_1433,0.39531273
2021_1260_1437,0.32738963
2021_1260_1438,0.15391262
2021_1260_1439,0.39545986
2021_1260_1452,0.9727582
2021_1260_1455,0.66737115
2021_1260_1457,0.98794913
2021_1260_1458,0.19235796
2021_1261_1268,0.5192624
2021_1261_1276,0.011809483
2021_1261_1277,0.42813116
2021_1261_1281,0.5641208
2021_1261_1287,0.9505615
2021_1261_1291,0.9983454
2021_1261_1313,0.99905443
2021_1261_1314,0.42309222
2021_1261_1317,0.9881141
2021_1261_1325,0.9604113
2021_1261_1326,0.30464995
2021_1261_1328,0.9447578
2021_1261_1329,0.8257789
2021_1261_1331,0.9988076
2021_1261_1332,0.7649063
2021_1261_1333,0.9085541
2021_1261_1345,0.22368293
2021_1261_1353,0.20590305
2021_1261_1361,0.56723773
2021_1261_1364,0.94861287
2021_1261_1382,0.27028775
2021_1261_1393,0.66988814
2021_1261_1397,0.5334806
2021_1261_1400,0.8336717
2021_1261_1403,0.962621
2021_1261_1411,0.99890745
2021_1261_1417,0.72159296
2021_1261_1422,0.99084926
2021_1261_1425,0.34819287
2021_1261_1429,0.9343759
2021_1261_1433,0.6638105
2021_1261_1437,0.49671736
2021_1261_1438,0.15781035
2021_1261_1439,0.58625853
2021_1261_1452,0.96255386
2021_1261_1455,0.76306635
2021_1261_1457,0.98775613
2021_1261_1458,0.0910473
2021_1268_1276,0.093381695
2021_1268_1277,0.4847087
2021_1268_1281,0.59454405
2021_1268_1287,0.93789965
2021_1268_1291,0.99870366
2021_1268_1313,0.9993727
2021_1268_1314,0.49246705
2021_1268_1317,0.9846
2021_1268_1325,0.97486055
2021_1268_1326,0.565901
2021_1268_1328,0.91383934
2021_1268_1329,0.87017775
2021_1268_1331,0.9995118
2021_1268_1332,0.7676326
2021_1268_1333,0.8584929
2021_1268_1345,0.4294045
2021_1268_1353,0.34812483
2021_1268_1361,0.6141199
2021_1268_1364,0.95529735
2021_1268_1382,0.38845465
2021_1268_1393,0.5950769
2021_1268_1397,0.61945194
2021_1268_1400,0.85331106
2021_1268_1403,0.9382436
2021_1268_1411,0.99933314
2021_1268_1417,0.6310086
2021_1268_1422,0.9903433
2021_1268_1425,0.5131991
2021_1268_1429,0.9195081
2021_1268_1433,0.6867063
2021_1268_1437,0.6447201
2021_1268_1438,0.46760762
2021_1268_1439,0.5953314
2021_1268_1452,0.94321805
2021_1268_1455,0.75304985
2021_1268_1457,0.9869226
2021_1268_1458,0.22911084
2021_1276_1277,0.8476931
2021_1276_1281,0.91428447
2021_1276_1287,0.9906324
2021_1276_1291,0.9997972
2021_1276_1313,0.99992573
2021_1276_1314,0.95372856
2021_1276_1317,0.9985465
2021_1276_1325,0.99674386
2021_1276_1326,0.9664229
2021_1276_1328,0.99689543
2021_1276_1329,0.98817885
2021_1276_1331,0.9998348
2021_1276_1332,0.9819571
2021_1276_1333,0.98628795
2021_1276_1345,0.9429396
2021_1276_1353,0.8633919
2021_1276_1361,0.9873353
2021_1276_1364,0.9948411
2021_1276_1382,0.94827205
2021_1276_1393,0.9649191
2021_1276_1397,0.97443205
2021_1276_1400,0.992978
2021_1276_1403,0.9981278
2021_1276_1411,0.99988234
2021_1276_1417,0.96688294
2021_1276_1422,0.99904996
2021_1276_1425,0.97240007
2021_1276_1429,0.99554783
2021_1276_1433,0.9723268
2021_1276_1437,0.98807585
2021_1276_1438,0.91876787
2021_1276_1439,0.95827836
2021_1276_1452,0.99813354
2021_1276_1455,0.98083067
2021_1276_1457,0.99924636
2021_1276_1458,0.82720745
2021_1277_1281,0.8896388
2021_1277_1287,0.99133635
2021_1277_1291,0.9998896
2021_1277_1313,0.99989885
2021_1277_1314,0.93792856
2021_1277_1317,0.9963659
2021_1277_1325,0.98726815
2021_1277_1326,0.8026896
2021_1277_1328,0.98770815
2021_1277_1329,0.9756408
2021_1277_1331,0.9997293
2021_1277_1332,0.9157613
2021_1277_1333,0.9610228
2021_1277_1345,0.9057851
2021_1277_1353,0.8113221
2021_1277_1361,0.9085064
2021_1277_1364,0.98019385
2021_1277_1382,0.8287395
2021_1277_1393,0.88149863
2021_1277_1397,0.95738244
2021_1277_1400,0.96673703
2021_1277_1403,0.9892657
2021_1277_1411,0.99988306
2021_1277_1417,0.8940708
2021_1277_1422,0.99603224
2021_1277_1425,0.8782311
2021_1277_1429,0.98080873
2021_1277_1433,0.9655626
2021_1277_1437,0.84906393
2021_1277_1438,0.77620405
2021_1277_1439,0.91581106
2021_1277_1452,0.98558813
2021_1277_1455,0.9391816
2021_1277_1457,0.997111
2021_1277_1458,0.7985959
2021_1281_1287,0.9759065
2021_1281_1291,0.9995851
2021_1281_1313,0.99969965
2021_1281_1314,0.8269895
2021_1281_1317,0.99259984
2021_1281_1325,0.9672147
2021_1281_1326,0.5517814
2021_1281_1328,0.97809255
2021_1281_1329,0.9552867
2021_1281_1331,0.99938065
2021_1281_1332,0.8694195
2021_1281_1333,0.911168
2021_1281_1345,0.76960933
2021_1281_1353,0.58438855
2021_1281_1361,0.8753741
2021_1281_1364,0.97748643
2021_1281_1382,0.72447246
2021_1281_1393,0.7339222
2021_1281_1397,0.8491643
2021_1281_1400,0.9473405
2021_1281_1403,0.9838103
2021_1281_1411,0.99964446
2021_1281_1417,0.76081634
2021_1281_1422,0.99437225
2021_1281_1425,0.7901869
2021_1281_1429,0.96574605
2021_1281_1433,0.93606627
2021_1281_1437,0.72332704
2021_1281_1438,0.5406912
2021_1281_1439,0.79050285
2021_1281_1452,0.97766185
2021_1281_1455,0.8931831
2021_1281_1457,0.9956403
2021_1281_1458,0.5457615
2021_1287_1291,0.9624975
2021_1287_1313,0.9585458
2021_1287_1314,0.17658405
2021_1287_1317,0.690266
2021_1287_1325,0.43548754
2021_1287_1326,0.014142133
2021_1287_1328,0.4426552
2021_1287_1329,0.53706664
2021_1287_1331,0.83614504
2021_1287_1332,0.28922987
2021_1287_1333,0.40962505
2021_1287_1345,0.14576967
2021_1287_1353,0.16061606
2021_1287_1361,0.22362366
2021_1287_1364,0.4002145
2021_1287_1382,0.13697454
2021_1287_1393,0.16735604
2021_1287_1397,0.36026558
2021_1287_1400,0.4084051
2021_1287_1403,0.41115165
2021_1287_1411,0.95424604
2021_1287_1417,0.21594748
2021_1287_1422,0.7211251
2021_1287_1425,0.207679
2021_1287_1429,0.4572767
2021_1287_1433,0.3355147
2021_1287_1437,0.078897804
2021_1287_1438,0.11641669
2021_1287_1439,0.19559044
2021_1287_1452,0.44237676
2021_1287_1455,0.25912187
2021_1287_1457,0.8963426
2021_1287_1458,0.05079391
2021_1291_1313,0.46742296
2021_1291_1314,0.0015739041
2021_1291_1317,0.0073964074
2021_1291_1325,0.004219413
2021_1291_1326,0.00035787953
2021_1291_1328,0.0049516023
2021_1291_1329,0.010888934
2021_1291_1331,0.110512845
2021_1291_1332,0.0020070747
2021_1291_1333,0.0021685353
2021_1291_1345,0.0010705497
2021_1291_1353,0.0012403108
2021_1291_1361,0.0015503764
2021_1291_1364,0.0033351108
2021_1291_1382,0.00049922615
2021_1291_1393,0.0011376697
2021_1291_1397,0.0043641455
2021_1291_1400,0.013522983
2021_1291_1403,0.004785164
2021_1291_1411,0.35589644
2021_1291_1417,0.0013967971
2021_1291_1422,0.029904865
2021_1291_1425,0.0015267183
2021_1291_1429,0.0020502657
2021_1291_1433,0.0017509237
2021_1291_1437,0.00088787824
2021_1291_1438,0.0009117037
2021_1291_1439,0.00084982446
2021_1291_1452,0.019165047
2021_1291_1455,0.0017600837
2021_1291_1457,0.061790593
2021_1291_1458,0.00067315856
2021_1313_1314,0.0013452545
2021_1313_1317,0.051921062
2021_1313_1325,0.010488704
2021_1313_1326,0.00021667778
2021_1313_1328,0.004972689
2021_1313_1329,0.0035080686
2021_1313_1331,0.12613577
2021_1313_1332,0.0024802163
2021_1313_1333,0.0028474033
2021_1313_1345,0.00073076785
2021_1313_1353,0.0009051644
2021_1313_1361,0.0025012195
2021_1313_1364,0.007087864
2021_1313_1382,0.0009386167
2021_1313_1393,0.0011870414
2021_1313_1397,0.0014235303
2021_1313_1400,0.0033660159
2021_1313_1403,0.013332106
2021_1313_1411,0.45610714
2021_1313_1417,0.0014912784
2021_1313_1422,0.07476266
2021_1313_1425,0.0011349246
2021_1313_1429,0.005778283
2021_1313_1433,0.0019696057
2021_1313_1437,0.00085958093
2021_1313_1438,0.0005397591
2021_1313_1439,0.001522556
2021_1313_1452,0.0078019574
2021_1313_1455,0.005134113
2021_1313_1457,0.27437937
2021_1313_1458,0.00058526493
2021_1314_1317,0.9853856
2021_1314_1325,0.9785792
2021_1314_1326,0.52050185
2021_1314_1328,0.933107
2021_1314_1329,0.8734429
2021_1314_1331,0.99911416
2021_1314_1332,0.8005836
2021_1314_1333,0.8496513
2021_1314_1345,0.4235599
2021_1314_1353,0.3900221
2021_1314_1361,0.64700717
2021_1314_1364,0.95319957
2021_1314_1382,0.442614
2021_1314_1393,0.6392354
2021_1314_1397,0.6237465
2021_1314_1400,0.88790333
2021_1314_1403,0.95591056
2021_1314_1411,0.9983877
2021_1314_1417,0.6773623
2021_1314_1422,0.9878292
2021_1314_1425,0.5428333
2021_1314_1429,0.94512254
2021_1314_1433,0.6883228
2021_1314_1437,0.68994427
2021_1314_1438,0.5018458
2021_1314_1439,0.6656741
2021_1314_1452,0.9632298
2021_1314_1455,0.7595229
2021_1314_1457,0.98549783
2021_1314_1458,0.2670267
2021_1317_1325,0.33648616
2021_1317_1326,0.013314351
2021_1317_1328,0.16976514
2021_1317_1329,0.17108034
2021_1317_1331,0.9707976
2021_1317_1332,0.064699754
2021_1317_1333,0.13721427
2021_1317_1345,0.028402701
2021_1317_1353,0.045423597
2021_1317_1361,0.028412037
2021_1317_1364,0.15373366
2021_1317_1382,0.0136298835
2021_1317_1393,0.03266497
2021_1317_1397,0.03248512
2021_1317_1400,0.12915677
2021_1317_1403,0.17805603
2021_1317_1411,0.98050165
2021_1317_1417,0.050192013
2021_1317_1422,0.5648414
2021_1317_1425,0.014619924
2021_1317_1429,0.08031971
2021_1317_1433,0.045449957
2021_1317_1437,0.021973826
2021_1317_1438,0.01707714
2021_1317_1439,0.02250214
2021_1317_1452,0.37314808
2021_1317_1455,0.05660113
2021_1317_1457,0.7230569
2021_1317_1458,0.008647397
2021_1325_1326,0.009298161
2021_1325_1328,0.24876899
2021_1325_1329,0.09576474
2021_1325_1331,0.98120904
2021_1325_1332,0.11036756
2021_1325_1333,0.40626523
2021_1325_1345,0.017499186
2021_1325_1353,0.021679461
2021_1325_1361,0.07587122
2021_1325_1364,0.37600458
2021_1325_1382,0.03013204
2021_1325_1393,0.035119668
2021_1325_1397,0.040756136
2021_1325_1400,0.090860605
2021_1325_1403,0.37212124
2021_1325_1411,0.9943769
2021_1325_1417,0.04897259
2021_1325_1422,0.8091961
2021_1325_1425,0.021556199
2021_1325_1429,0.29356074
2021_1325_1433,0.08635693
2021_1325_1437,0.032002687
2021_1325_1438,0.014365725
2021_1325_1439,0.027304992
2021_1325_1452,0.39394462
2021_1325_1455,0.15315714
2021_1325_1457,0.8445141
2021_1325_1458,0.005867623
2021_1326_1328,0.9631196
2021_1326_1329,0.8954011
2021_1326_1331,0.99899876
2021_1326_1332,0.8540137
2021_1326_1333,0.9527248
2021_1326_1345,0.6233462
2021_1326_1353,0.50012
2021_1326_1361,0.8888561
2021_1326_1364,0.98219955
2021_1326_1382,0.68606675
2021_1326_1393,0.793594
2021_1326_1397,0.77749234
2021_1326_1400,0.8879622
2021_1326_1403,0.98322827
2021_1326_1411,0.9994946
2021_1326_1417,0.8246483
2021_1326_1422,0.9967102
2021_1326_1425,0.71824574
2021_1326_1429,0.98359555
2021_1326_1433,0.8511059
2021_1326_1437,0.7538154
2021_1326_1438,0.57087564
2021_1326_1439,0.7822085
2021_1326_1452,0.98153245
2021_1326_1455,0.9258216
2021_1326_1457,0.9974172
2021_1326_1458,0.32226095
2021_1328_1329,0.29982713
2021_1328_1331,0.99686265
2021_1328_1332,0.28531373
2021_1328_1333,0.6111096
2021_1328_1345,0.040026285
2021_1328_1353,0.063662045
2021_1328_1361,0.11362827
2021_1328_1364,0.7591376
2021_1328_1382,0.04022792
2021_1328_1393,0.21283749
2021_1328_1397,0.06926874
2021_1328_1400,0.32062924
2021_1328_1403,0.5890596
2021_1328_1411,0.99569124
2021_1328_1417,0.25579992
2021_1328_1422,0.9314358
2021_1328_1425,0.05038853
2021_1328_1429,0.50952166
2021_1328_1433,0.18171255
2021_1328_1437,0.124640085
2021_1328_1438,0.028958522
2021_1328_1439,0.116601184
2021_1328_1452,0.7285645
2021_1328_1455,0.35650277
2021_1328_1457,0.92794794
2021_1328_1458,0.023940273
2021_1329_1331,0.9966758
2021_1329_1332,0.6985624
2021_1329_1333,0.8366422
2021_1329_1345,0.38087273
2021_1329_1353,0.31064242
2021_1329_1361,0.7855466
2021_1329_1364,0.94033
2021_1329_1382,0.38245088
2021_1329_1393,0.5124426
2021_1329_1397,0.47944385
2021_1329_1400,0.8275884
2021_1329_1403,0.94061345
2021_1329_1411,0.99741894
2021_1329_1417,0.5753731
2021_1329_1422,0.98005044
2021_1329_1425,0.46499628
2021_1329_1429,0.9036509
2021_1329_1433,0.64012724
2021_1329_1437,0.49590254
2021_1329_1438,0.33745128
2021_1329_1439,0.55072665
2021_1329_1452,0.9200579
2021_1329_1455,0.78247356
2021_1329_1457,0.9933977
2021_1329_1458,0.2791016
2021_1331_1332,0.005988367
2021_1331_1333,0.007444747
2021_1331_1345,0.0014382127
2021_1331_1353,0.0015402818
2021_1331_1361,0.012153864
2021_1331_1364,0.037633598
2021_1331_1382,0.0048127323
2021_1331_1393,0.0030441359
2021_1331_1397,0.007419154
2021_1331_1400,0.0076901764
2021_1331_1403,0.12671173
2021_1331_1411,0.91285884
2021_1331_1417,0.0039057583
2021_1331_1422,0.2793822
2021_1331_1425,0.0045544505
2021_1331_1429,0.059743665
2021_1331_1433,0.008687526
2021_1331_1437,0.0023117512
2021_1331_1438,0.0011111721
2021_1331_1439,0.0034013018
2021_1331_1452,0.03590884
2021_1331_1455,0.0064861774
2021_1331_1457,0.4079881
2021_1331_1458,0.0007188427
2021_1332_1333,0.8069478
2021_1332_1345,0.16989416
2021_1332_1353,0.17777425
2021_1332_1361,0.5190039
2021_1332_1364,0.9287086
2021_1332_1382,0.24806413
2021_1332_1393,0.41322023
2021_1332_1397,0.4544203
2021_1332_1400,0.69874525
2021_1332_1403,0.9279044
2021_1332_1411,0.9976324
2021_1332_1417,0.48386174
2021_1332_1422,0.97890186
2021_1332_1425,0.24424365
2021_1332_1429,0.88439393
2021_1332_1433,0.5775038
2021_1332_1437,0.21080428
2021_1332_1438,0.10840714
2021_1332_1439,0.3924176
2021_1332_1452,0.93530756
2021_1332_1455,0.6563525
2021_1332_1457,0.9877695
2021_1332_1458,0.087125055
2021_1333_1345,0.4100875
2021_1333_1353,0.36603576
2021_1333_1361,0.36322963
2021_1333_1364,0.90294605
2021_1333_1382,0.19200191
2021_1333_1393,0.5379764
2021_1333_1397,0.5310093
2021_1333_1400,0.6864755
2021_1333_1403,0.7323226
2021_1333_1411,0.9988909
2021_1333_1417,0.5968848
2021_1333_1422,0.97290885
2021_1333_1425,0.26783
2021_1333_1429,0.80029
2021_1333_1433,0.6462816
2021_1333_1437,0.3329919
2021_1333_1438,0.2109331
2021_1333_1439,0.53065115
2021_1333_1452,0.8677461
2021_1333_1455,0.5858725
2021_1333_1457,0.97358984
2021_1333_1458,0.25314623
2021_1345_1353,0.51401335
2021_1345_1361,0.9274833
2021_1345_1364,0.9772683
2021_1345_1382,0.7745751
2021_1345_1393,0.8358822
2021_1345_1397,0.8272915
2021_1345_1400,0.9559928
2021_1345_1403,0.9835918
2021_1345_1411,0.99940014
2021_1345_1417,0.8689141
2021_1345_1422,0.9954339
2021_1345_1425,0.8066547
2021_1345_1429,0.9748037
2021_1345_1433,0.91235197
2021_1345_1437,0.8407841
2021_1345_1438,0.7007405
2021_1345_1439,0.8784674
2021_1345_1452,0.9811499
2021_1345_1455,0.94110155
2021_1345_1457,0.99697024
2021_1345_1458,0.45468846
2021_1353_1361,0.92556584
2021_1353_1364,0.98640156
2021_1353_1382,0.80427384
2021_1353_1393,0.8728992
2021_1353_1397,0.9404805
2021_1353_1400,0.97375906
2021_1353_1403,0.9863303
2021_1353_1411,0.9996902
2021_1353_1417,0.88391685
2021_1353_1422,0.99732745
2021_1353_1425,0.8393446
2021_1353_1429,0.9690282
2021_1353_1433,0.95001686
2021_1353_1437,0.8850349
2021_1353_1438,0.7952966
2021_1353_1439,0.88604283
2021_1353_1452,0.98326725
2021_1353_1455,0.92360353
2021_1353_1457,0.9972167
2021_1353_1458,0.7174444
2021_1361_1364,0.89578295
2021_1361_1382,0.18262333
2021_1361_1393,0.53935593
2021_1361_1397,0.32989767
2021_1361_1400,0.73858464
2021_1361_1403,0.91966546
2021_1361_1411,0.99681795
2021_1361_1417,0.62619734
2021_1361_1422,0.97188896
2021_1361_1425,0.24576662
2021_1361_1429,0.8905041
2021_1361_1433,0.40462318
2021_1361_1437,0.22447334
2021_1361_1438,0.10143042
2021_1361_1439,0.38874298
2021_1361_1452,0.9506901
2021_1361_1455,0.7041212
2021_1361_1457,0.9863844
2021_1361_1458,0.17378777
2021_1364_1382,0.06562054
2021_1364_1393,0.03600978
2021_1364_1397,0.08404393
2021_1364_1400,0.13145347
2021_1364_1403,0.5695262
2021_1364_1411,0.9869689
2021_1364_1417,0.048541278
2021_1364_1422,0.6591234
2021_1364_1425,0.05127824
2021_1364_1429,0.34593925
2021_1364_1433,0.12554368
2021_1364_1437,0.032336615
2021_1364_1438,0.03592903
2021_1364_1439,0.07608601
2021_1364_1452,0.42307472
2021_1364_1455,0.13791543
2021_1364_1457,0.75345814
2021_1364_1458,0.014134452
2021_1382_1393,0.7559893
2021_1382_1397,0.74018264
2021_1382_1400,0.9444099
2021_1382_1403,0.976007
2021_1382_1411,0.99819636
2021_1382_1417,0.79762536
2021_1382_1422,0.98740804
2021_1382_1425,0.6329443
2021_1382_1429,0.95335174
2021_1382_1433,0.5779072
2021_1382_1437,0.7125138
2021_1382_1438,0.3364846
2021_1382_1439,0.6080315
2021_1382_1452,0.97975385
2021_1382_1455,0.8162273
2021_1382_1457,0.98923445
2021_1382_1458,0.3554932
2021_1393_1397,0.53473973
2021_1393_1400,0.8301697
2021_1393_1403,0.9324889
2021_1393_1411,0.9988003
2021_1393_1417,0.6674797
2021_1393_1422,0.9894366
2021_1393_1425,0.25457925
2021_1393_1429,0.8742165
2021_1393_1433,0.6177074
2021_1393_1437,0.4774818
2021_1393_1438,0.14330435
2021_1393_1439,0.51165116
2021_1393_1452,0.9375965
2021_1393_1455,0.7227472
2021_1393_1457,0.9856677
2021_1393_1458,0.10392022
2021_1397_1400,0.8630206
2021_1397_1403,0.9597727
2021_1397_1411,0.997259
2021_1397_1417,0.6978161
2021_1397_1422,0.98337644
2021_1397_1425,0.47811165
2021_1397_1429,0.8989123
2021_1397_1433,0.62501603
2021_1397_1437,0.6820265
2021_1397_1438,0.3133721
2021_1397_1439,0.6269347
2021_1397_1452,0.9502998
2021_1397_1455,0.77497
2021_1397_1457,0.9885179
2021_1397_1458,0.250889
2021_1400_1403,0.89658576
2021_1400_1411,0.9960244
2021_1400_1417,0.53171456
2021_1400_1422,0.9769951
2021_1400_1425,0.26206142
2021_1400_1429,0.8787161
2021_1400_1433,0.5003503
2021_1400_1437,0.3080078
2021_1400_1438,0.15681353
2021_1400_1439,0.44056302
2021_1400_1452,0.93324465
2021_1400_1455,0.7418938
2021_1400_1457,0.99084336
2021_1400_1458,0.09416922
2021_1403_1411,0.99100596
2021_1403_1417,0.08865494
2021_1403_1422,0.9137124
2021_1403_1425,0.02208697
2021_1403_1429,0.31707048
2021_1403_1433,0.042472288
2021_1403_1437,0.04861348
2021_1403_1438,0.01254271
2021_1403_1439,0.0486499
2021_1403_1452,0.6560079
2021_1403_1455,0.25627458
2021_1403_1457,0.918256
2021_1403_1458,0.020107657
2021_1411_1417,0.0017321706
2021_1411_1422,0.08613357
2021_1411_1425,0.0018787757
2021_1411_1429,0.0072683096
2021_1411_1433,0.0033986568
2021_1411_1437,0.0010371432
2021_1411_1438,0.0008708266
2021_1411_1439,0.0023594722
2021_1411_1452,0.011231251
2021_1411_1455,0.0073781684
2021_1411_1457,0.23764595
2021_1411_1458,0.0007463172
2021_1417_1422,0.98785734
2021_1417_1425,0.24501497
2021_1417_1429,0.872673
2021_1417_1433,0.6201944
2021_1417_1437,0.45933542
2021_1417_1438,0.14473513
2021_1417_1439,0.501048
2021_1417_1452,0.9352501
2021_1417_1455,0.71510255
2021_1417_1457,0.9868306
2021_1417_1458,0.12289083
2021_1422_1425,0.015818626
2021_1422_1429,0.083587825
2021_1422_1433,0.05142194
2021_1422_1437,0.011131801
2021_1422_1438,0.00800655
2021_1422_1439,0.020575248
2021_1422_1452,0.17463315
2021_1422_1455,0.030868731
2021_1422_1457,0.5477438
2021_1422_1458,0.0057137087
2021_1425_1429,0.95151365
2021_1425_1433,0.5566745
2021_1425_1437,0.70121855
2021_1425_1438,0.31457448
2021_1425_1439,0.6538565
2021_1425_1452,0.9794924
2021_1425_1455,0.8001114
2021_1425_1457,0.9899985
2021_1425_1458,0.2597479
2021_1429_1433,0.17698775
2021_1429_1437,0.092976496
2021_1429_1438,0.058670938
2021_1429_1439,0.14897391
2021_1429_1452,0.8315365
2021_1429_1455,0.34913266
2021_1429_1457,0.8769012
2021_1429_1458,0.05246681
2021_1433_1437,0.4894939
2021_1433_1438,0.36216003
2021_1433_1439,0.4943481
2021_1433_1452,0.94492304
2021_1433_1455,0.67423356
2021_1433_1457,0.98355484
2021_1433_1458,0.3395306
2021_1437_1438,0.2432051
2021_1437_1439,0.62541926
2021_1437_1452,0.9745878
2021_1437_1455,0.8369875
2021_1437_1457,0.99030834
2021_1437_1458,0.13662234
2021_1438_1439,0.78901124
2021_1438_1452,0.9847739
2021_1438_1455,0.9354782
2021_1438_1457,0.9968542
2021_1438_1458,0.4464089
2021_1439_1452,0.9445342
2021_1439_1455,0.7734533
2021_1439_1457,0.98741806
2021_1439_1458,0.31142542
2021_1452_1455,0.41061246
2021_1452_1457,0.95654655
2021_1452_1458,0.012176521
2021_1455_1457,0.98342335
2021_1455_1458,0.27074552
2021_1457_1458,0.0015076548
