Season,TeamID,Upsets
2002,1102,6
2002,1103,8
2002,1104,5
2002,1105,1
2002,1106,4
2002,1107,8
2002,1110,1
2002,1111,4
2002,1112,5
2002,1113,4
2002,1114,1
2002,1115,2
2002,1116,5
2002,1117,1
2002,1119,6
2002,1120,4
2002,1122,2
2002,1123,2
2002,1124,1
2002,1125,7
2002,1126,6
2002,1127,4
2002,1129,3
2002,1130,5
2002,1131,2
2002,1132,2
2002,1133,5
2002,1135,4
2002,1137,6
2002,1138,3
2002,1139,1
2002,1140,3
2002,1141,6
2002,1142,5
2002,1143,6
2002,1144,7
2002,1145,5
2002,1147,3
2002,1149,4
2002,1150,2
2002,1151,4
2002,1152,1
2002,1154,5
2002,1155,4
2002,1156,6
2002,1157,6
2002,1158,1
2002,1159,4
2002,1161,3
2002,1162,3
2002,1163,2
2002,1164,3
2002,1165,3
2002,1166,2
2002,1168,4
2002,1169,5
2002,1170,4
2002,1171,7
2002,1172,6
2002,1174,5
2002,1175,1
2002,1176,4
2002,1177,2
2002,1178,3
2002,1179,6
2002,1180,7
2002,1182,6
2002,1183,6
2002,1184,3
2002,1185,4
2002,1186,4
2002,1187,7
2002,1189,5
2002,1191,6
2002,1192,1
2002,1193,4
2002,1194,7
2002,1197,2
2002,1198,4
2002,1199,3
2002,1200,5
2002,1201,5
2002,1202,7
2002,1203,9
2002,1204,2
2002,1206,3
2002,1207,2
2002,1208,4
2002,1209,2
2002,1210,5
2002,1212,3
2002,1216,3
2002,1217,3
2002,1218,5
2002,1219,6
2002,1220,8
2002,1221,1
2002,1222,5
2002,1224,3
2002,1225,6
2002,1226,5
2002,1227,5
2002,1228,1
2002,1229,3
2002,1232,4
2002,1233,8
2002,1234,4
2002,1235,5
2002,1237,5
2002,1238,2
2002,1239,5
2002,1240,6
2002,1241,2
2002,1243,6
2002,1246,3
2002,1247,8
2002,1248,6
2002,1249,5
2002,1250,4
2002,1251,2
2002,1253,6
2002,1254,5
2002,1256,1
2002,1257,4
2002,1258,5
2002,1259,4
2002,1260,4
2002,1261,5
2002,1263,4
2002,1264,1
2002,1265,1
2002,1266,2
2002,1267,4
2002,1268,1
2002,1269,6
2002,1271,6
2002,1273,4
2002,1274,5
2002,1275,5
2002,1276,4
2002,1277,6
2002,1278,4
2002,1279,5
2002,1280,5
2002,1281,2
2002,1282,2
2002,1283,2
2002,1284,4
2002,1285,4
2002,1286,2
2002,1287,3
2002,1288,3
2002,1289,2
2002,1290,3
2002,1291,3
2002,1292,7
2002,1293,5
2002,1296,5
2002,1298,4
2002,1299,3
2002,1301,1
2002,1304,2
2002,1305,4
2002,1306,5
2002,1307,4
2002,1308,2
2002,1309,6
2002,1310,3
2002,1311,1
2002,1313,5
2002,1314,5
2002,1317,6
2002,1318,2
2002,1319,5
2002,1320,7
2002,1321,5
2002,1322,6
2002,1323,2
2002,1324,3
2002,1325,2
2002,1326,3
2002,1328,2
2002,1329,4
2002,1330,3
2002,1331,1
2002,1333,3
2002,1334,3
2002,1335,2
2002,1336,3
2002,1337,3
2002,1339,4
2002,1340,5
2002,1341,7
2002,1344,4
2002,1345,4
2002,1346,3
2002,1347,2
2002,1348,7
2002,1349,5
2002,1350,5
2002,1351,3
2002,1352,5
2002,1353,7
2002,1354,3
2002,1356,1
2002,1357,3
2002,1358,5
2002,1359,4
2002,1360,2
2002,1361,5
2002,1362,2
2002,1363,6
2002,1364,3
2002,1365,3
2002,1368,5
2002,1369,2
2002,1371,1
2002,1372,8
2002,1373,2
2002,1374,1
2002,1375,2
2002,1376,1
2002,1378,2
2002,1379,5
2002,1380,4
2002,1381,5
2002,1382,4
2002,1383,3
2002,1384,3
2002,1385,8
2002,1386,2
2002,1387,4
2002,1388,3
2002,1389,4
2002,1390,2
2002,1391,5
2002,1392,5
2002,1393,4
2002,1395,5
2002,1396,3
2002,1397,3
2002,1398,3
2002,1400,1
2002,1401,6
2002,1402,4
2002,1403,2
2002,1404,8
2002,1405,4
2002,1406,9
2002,1407,3
2002,1408,6
2002,1410,3
2002,1411,6
2002,1412,4
2002,1414,4
2002,1415,3
2002,1416,1
2002,1417,6
2002,1418,5
2002,1419,5
2002,1420,3
2002,1421,4
2002,1422,2
2002,1423,1
2002,1424,6
2002,1425,1
2002,1426,6
2002,1427,3
2002,1428,1
2002,1429,2
2002,1431,4
2002,1433,5
2002,1434,1
2002,1435,6
2002,1436,1
2002,1437,5
2002,1438,3
2002,1439,3
2002,1440,6
2002,1441,6
2002,1442,3
2002,1443,1
2002,1444,5
2002,1447,1
2002,1448,3
2002,1449,6
2002,1450,3
2002,1451,4
2002,1452,4
2002,1453,4
2002,1454,1
2002,1455,5
2002,1456,6
2002,1457,1
2002,1458,8
2002,1459,5
2002,1460,4
2002,1461,3
2002,1462,1
2002,1463,4
2002,1464,3
2003,1102,2
2003,1103,8
2003,1104,4
2003,1105,2
2003,1106,3
2003,1107,6
2003,1108,5
2003,1110,2
2003,1111,4
2003,1112,1
2003,1113,1
2003,1114,4
2003,1115,4
2003,1116,4
2003,1117,3
2003,1119,3
2003,1120,2
2003,1122,8
2003,1123,6
2003,1124,4
2003,1125,3
2003,1126,2
2003,1127,3
2003,1128,1
2003,1129,3
2003,1130,2
2003,1131,1
2003,1132,7
2003,1133,2
2003,1135,4
2003,1137,2
2003,1138,4
2003,1141,1
2003,1142,7
2003,1143,4
2003,1144,4
2003,1145,2
2003,1147,1
2003,1148,4
2003,1149,2
2003,1150,7
2003,1151,3
2003,1152,3
2003,1153,2
2003,1154,3
2003,1155,6
2003,1156,5
2003,1157,6
2003,1158,3
2003,1159,4
2003,1160,4
2003,1161,7
2003,1162,1
2003,1163,3
2003,1164,4
2003,1165,5
2003,1166,2
2003,1168,6
2003,1169,4
2003,1170,7
2003,1171,2
2003,1172,2
2003,1173,5
2003,1174,7
2003,1175,3
2003,1176,2
2003,1177,3
2003,1178,2
2003,1179,5
2003,1180,1
2003,1182,3
2003,1183,3
2003,1184,3
2003,1185,8
2003,1186,1
2003,1187,6
2003,1189,5
2003,1190,4
2003,1191,8
2003,1192,8
2003,1193,5
2003,1194,4
2003,1196,1
2003,1197,3
2003,1198,5
2003,1199,2
2003,1200,1
2003,1201,2
2003,1202,5
2003,1203,2
2003,1204,5
2003,1205,3
2003,1206,3
2003,1208,3
2003,1209,2
2003,1210,2
2003,1212,5
2003,1214,2
2003,1216,4
2003,1217,3
2003,1218,7
2003,1219,4
2003,1220,5
2003,1221,1
2003,1222,7
2003,1224,4
2003,1225,7
2003,1226,3
2003,1227,2
2003,1229,4
2003,1231,4
2003,1232,7
2003,1233,3
2003,1234,4
2003,1235,3
2003,1236,6
2003,1237,5
2003,1238,4
2003,1239,3
2003,1240,3
2003,1241,5
2003,1243,2
2003,1245,4
2003,1247,2
2003,1248,6
2003,1249,4
2003,1250,3
2003,1251,11
2003,1252,2
2003,1253,4
2003,1254,5
2003,1256,6
2003,1257,1
2003,1258,3
2003,1259,3
2003,1260,3
2003,1261,3
2003,1263,1
2003,1264,2
2003,1265,7
2003,1266,2
2003,1267,5
2003,1268,1
2003,1269,5
2003,1270,4
2003,1271,3
2003,1272,3
2003,1273,3
2003,1274,4
2003,1275,4
2003,1276,3
2003,1277,2
2003,1278,5
2003,1279,2
2003,1280,1
2003,1281,3
2003,1282,5
2003,1283,1
2003,1284,3
2003,1285,4
2003,1286,5
2003,1287,4
2003,1288,5
2003,1289,3
2003,1291,7
2003,1292,2
2003,1293,1
2003,1296,5
2003,1298,4
2003,1299,1
2003,1301,4
2003,1304,7
2003,1305,1
2003,1306,5
2003,1307,4
2003,1308,2
2003,1309,5
2003,1310,5
2003,1311,2
2003,1313,7
2003,1314,6
2003,1317,5
2003,1318,6
2003,1319,2
2003,1320,5
2003,1321,4
2003,1322,4
2003,1323,4
2003,1324,3
2003,1325,7
2003,1326,6
2003,1328,1
2003,1329,4
2003,1330,5
2003,1331,4
2003,1332,4
2003,1333,3
2003,1334,4
2003,1336,2
2003,1337,4
2003,1339,4
2003,1340,4
2003,1341,1
2003,1343,2
2003,1344,1
2003,1345,4
2003,1346,1
2003,1347,9
2003,1348,5
2003,1349,4
2003,1350,4
2003,1351,7
2003,1352,4
2003,1353,5
2003,1354,3
2003,1356,2
2003,1357,5
2003,1358,2
2003,1359,3
2003,1360,1
2003,1361,2
2003,1362,1
2003,1363,4
2003,1364,2
2003,1365,9
2003,1366,2
2003,1368,5
2003,1369,4
2003,1371,4
2003,1373,2
2003,1374,7
2003,1375,4
2003,1376,3
2003,1378,6
2003,1379,9
2003,1380,4
2003,1381,4
2003,1382,1
2003,1383,4
2003,1384,4
2003,1385,5
2003,1387,7
2003,1388,1
2003,1389,5
2003,1390,6
2003,1391,4
2003,1392,6
2003,1393,1
2003,1394,5
2003,1395,5
2003,1396,3
2003,1397,5
2003,1398,1
2003,1399,1
2003,1401,6
2003,1402,4
2003,1403,2
2003,1404,3
2003,1405,5
2003,1406,2
2003,1408,3
2003,1410,2
2003,1411,6
2003,1412,2
2003,1414,2
2003,1415,3
2003,1416,3
2003,1417,3
2003,1418,2
2003,1419,5
2003,1420,5
2003,1421,5
2003,1422,4
2003,1424,3
2003,1425,5
2003,1426,1
2003,1427,7
2003,1428,4
2003,1429,2
2003,1431,4
2003,1433,4
2003,1434,1
2003,1435,4
2003,1436,2
2003,1437,4
2003,1438,8
2003,1439,7
2003,1440,6
2003,1441,4
2003,1442,3
2003,1443,1
2003,1444,3
2003,1447,3
2003,1448,3
2003,1449,5
2003,1450,4
2003,1451,1
2003,1452,6
2003,1453,4
2003,1454,2
2003,1455,3
2003,1456,8
2003,1457,1
2003,1458,1
2003,1459,4
2003,1460,6
2003,1461,5
2003,1462,1
2003,1463,2
2003,1464,6
2004,1102,1
2004,1103,3
2004,1104,2
2004,1105,8
2004,1106,1
2004,1107,4
2004,1108,7
2004,1110,4
2004,1111,4
2004,1112,1
2004,1113,3
2004,1114,3
2004,1115,1
2004,1116,3
2004,1117,4
2004,1119,4
2004,1120,1
2004,1122,1
2004,1123,4
2004,1124,5
2004,1125,4
2004,1126,5
2004,1127,3
2004,1128,1
2004,1129,3
2004,1130,5
2004,1131,1
2004,1132,3
2004,1133,4
2004,1135,4
2004,1137,3
2004,1138,2
2004,1139,3
2004,1140,1
2004,1141,4
2004,1142,6
2004,1143,4
2004,1144,3
2004,1145,3
2004,1147,6
2004,1148,4
2004,1149,2
2004,1150,4
2004,1151,5
2004,1152,7
2004,1154,2
2004,1155,5
2004,1156,1
2004,1157,3
2004,1158,2
2004,1159,6
2004,1160,4
2004,1161,7
2004,1162,2
2004,1165,1
2004,1166,2
2004,1168,8
2004,1169,3
2004,1170,3
2004,1171,2
2004,1172,1
2004,1173,6
2004,1174,5
2004,1175,1
2004,1176,4
2004,1177,5
2004,1178,3
2004,1179,2
2004,1180,2
2004,1182,3
2004,1183,4
2004,1185,5
2004,1189,6
2004,1191,6
2004,1192,4
2004,1193,3
2004,1196,2
2004,1197,3
2004,1198,3
2004,1199,4
2004,1200,5
2004,1201,4
2004,1202,3
2004,1203,2
2004,1204,3
2004,1205,3
2004,1206,1
2004,1207,3
2004,1208,6
2004,1209,4
2004,1210,2
2004,1212,3
2004,1214,4
2004,1216,8
2004,1217,3
2004,1218,4
2004,1219,5
2004,1220,3
2004,1221,1
2004,1222,6
2004,1224,3
2004,1225,2
2004,1226,11
2004,1227,2
2004,1228,1
2004,1229,5
2004,1231,5
2004,1232,4
2004,1233,3
2004,1234,4
2004,1235,6
2004,1236,2
2004,1237,1
2004,1238,4
2004,1239,6
2004,1240,3
2004,1241,4
2004,1243,5
2004,1245,2
2004,1247,4
2004,1248,8
2004,1249,6
2004,1250,7
2004,1251,2
2004,1252,3
2004,1253,5
2004,1254,7
2004,1256,4
2004,1257,2
2004,1258,6
2004,1259,1
2004,1260,5
2004,1261,5
2004,1263,2
2004,1264,1
2004,1265,5
2004,1266,5
2004,1267,4
2004,1268,6
2004,1269,4
2004,1270,3
2004,1271,6
2004,1272,1
2004,1273,4
2004,1274,3
2004,1275,5
2004,1276,2
2004,1278,4
2004,1279,6
2004,1281,2
2004,1282,4
2004,1283,5
2004,1284,2
2004,1285,6
2004,1286,6
2004,1287,3
2004,1288,5
2004,1290,1
2004,1291,3
2004,1292,4
2004,1293,1
2004,1296,6
2004,1298,2
2004,1299,3
2004,1301,3
2004,1304,2
2004,1305,1
2004,1306,4
2004,1307,4
2004,1308,4
2004,1309,4
2004,1311,2
2004,1313,7
2004,1314,4
2004,1317,7
2004,1318,1
2004,1319,3
2004,1320,5
2004,1321,6
2004,1322,3
2004,1323,3
2004,1324,3
2004,1325,5
2004,1326,7
2004,1328,4
2004,1330,3
2004,1331,1
2004,1332,1
2004,1333,7
2004,1334,2
2004,1335,1
2004,1336,6
2004,1337,2
2004,1338,1
2004,1339,4
2004,1340,4
2004,1341,5
2004,1343,2
2004,1344,2
2004,1345,5
2004,1346,4
2004,1347,5
2004,1348,5
2004,1349,5
2004,1350,2
2004,1351,7
2004,1352,5
2004,1353,3
2004,1354,1
2004,1357,6
2004,1358,4
2004,1359,6
2004,1360,3
2004,1361,3
2004,1362,6
2004,1363,5
2004,1364,1
2004,1365,4
2004,1366,3
2004,1368,1
2004,1369,5
2004,1371,2
2004,1373,5
2004,1374,4
2004,1375,4
2004,1376,5
2004,1378,5
2004,1379,4
2004,1380,2
2004,1381,6
2004,1382,5
2004,1383,5
2004,1384,5
2004,1385,4
2004,1387,5
2004,1389,1
2004,1390,1
2004,1391,4
2004,1392,6
2004,1393,2
2004,1394,3
2004,1395,4
2004,1396,4
2004,1397,5
2004,1398,4
2004,1399,4
2004,1400,1
2004,1402,4
2004,1403,1
2004,1404,5
2004,1405,4
2004,1406,6
2004,1408,5
2004,1409,3
2004,1410,6
2004,1411,5
2004,1412,4
2004,1414,7
2004,1415,5
2004,1416,2
2004,1417,7
2004,1419,6
2004,1420,2
2004,1421,4
2004,1422,4
2004,1423,3
2004,1424,2
2004,1425,5
2004,1426,2
2004,1427,5
2004,1428,2
2004,1429,1
2004,1431,1
2004,1434,5
2004,1435,2
2004,1436,1
2004,1437,3
2004,1438,5
2004,1439,5
2004,1440,4
2004,1441,5
2004,1442,3
2004,1443,1
2004,1447,6
2004,1448,3
2004,1449,4
2004,1450,2
2004,1451,2
2004,1452,5
2004,1453,4
2004,1455,1
2004,1456,3
2004,1457,2
2004,1459,4
2004,1460,5
2004,1461,4
2004,1462,2
2004,1463,1
2004,1464,3
2005,1102,1
2005,1103,1
2005,1105,3
2005,1106,6
2005,1108,6
2005,1110,3
2005,1111,4
2005,1113,3
2005,1114,6
2005,1115,3
2005,1116,1
2005,1117,4
2005,1119,1
2005,1120,8
2005,1122,4
2005,1123,5
2005,1124,2
2005,1125,1
2005,1126,5
2005,1127,4
2005,1128,2
2005,1129,8
2005,1130,3
2005,1131,1
2005,1132,9
2005,1133,5
2005,1135,5
2005,1137,4
2005,1138,4
2005,1139,4
2005,1140,4
2005,1141,7
2005,1142,4
2005,1143,7
2005,1144,2
2005,1145,7
2005,1147,2
2005,1148,2
2005,1149,8
2005,1150,3
2005,1151,2
2005,1152,7
2005,1154,5
2005,1155,5
2005,1156,4
2005,1157,3
2005,1158,2
2005,1159,4
2005,1160,5
2005,1161,3
2005,1162,4
2005,1163,1
2005,1164,2
2005,1165,5
2005,1166,1
2005,1168,4
2005,1169,1
2005,1170,8
2005,1171,8
2005,1172,1
2005,1173,4
2005,1174,3
2005,1175,3
2005,1176,3
2005,1177,2
2005,1178,2
2005,1179,4
2005,1180,4
2005,1181,1
2005,1182,4
2005,1183,6
2005,1184,2
2005,1185,4
2005,1186,3
2005,1187,6
2005,1189,6
2005,1190,4
2005,1191,5
2005,1192,2
2005,1193,3
2005,1194,2
2005,1196,2
2005,1197,4
2005,1198,6
2005,1199,6
2005,1200,6
2005,1201,7
2005,1202,2
2005,1203,2
2005,1204,3
2005,1205,2
2005,1206,2
2005,1207,3
2005,1208,3
2005,1209,4
2005,1210,2
2005,1211,3
2005,1212,5
2005,1214,2
2005,1216,7
2005,1217,4
2005,1218,5
2005,1219,2
2005,1220,1
2005,1222,4
2005,1224,3
2005,1225,3
2005,1226,7
2005,1227,3
2005,1229,4
2005,1231,4
2005,1232,7
2005,1233,7
2005,1234,2
2005,1235,4
2005,1236,3
2005,1238,4
2005,1239,10
2005,1240,3
2005,1241,5
2005,1242,2
2005,1243,2
2005,1245,5
2005,1246,1
2005,1247,7
2005,1248,5
2005,1249,3
2005,1250,3
2005,1251,6
2005,1252,8
2005,1253,4
2005,1254,8
2005,1255,1
2005,1256,5
2005,1258,4
2005,1259,5
2005,1260,4
2005,1261,6
2005,1263,4
2005,1264,2
2005,1265,5
2005,1266,5
2005,1267,4
2005,1268,3
2005,1269,7
2005,1270,4
2005,1271,2
2005,1272,1
2005,1273,4
2005,1274,5
2005,1275,2
2005,1276,4
2005,1278,4
2005,1279,3
2005,1280,2
2005,1281,9
2005,1282,5
2005,1283,5
2005,1284,2
2005,1285,3
2005,1286,4
2005,1287,4
2005,1288,5
2005,1290,2
2005,1291,4
2005,1292,1
2005,1293,1
2005,1294,2
2005,1296,5
2005,1298,4
2005,1299,3
2005,1301,3
2005,1304,4
2005,1305,1
2005,1306,3
2005,1307,2
2005,1308,3
2005,1309,4
2005,1310,1
2005,1311,2
2005,1313,2
2005,1317,7
2005,1318,2
2005,1319,1
2005,1320,1
2005,1321,6
2005,1322,2
2005,1323,5
2005,1324,3
2005,1325,8
2005,1326,2
2005,1328,2
2005,1330,1
2005,1331,2
2005,1332,4
2005,1333,9
2005,1334,2
2005,1335,1
2005,1336,3
2005,1337,6
2005,1338,3
2005,1339,4
2005,1340,1
2005,1341,4
2005,1343,4
2005,1344,2
2005,1345,1
2005,1346,5
2005,1347,7
2005,1348,3
2005,1350,6
2005,1351,4
2005,1352,7
2005,1353,6
2005,1354,1
2005,1357,3
2005,1358,1
2005,1359,5
2005,1360,2
2005,1361,5
2005,1362,5
2005,1363,5
2005,1364,4
2005,1365,6
2005,1369,2
2005,1371,4
2005,1372,4
2005,1373,4
2005,1374,1
2005,1375,5
2005,1376,2
2005,1378,3
2005,1379,5
2005,1380,7
2005,1381,7
2005,1382,1
2005,1383,5
2005,1384,6
2005,1385,4
2005,1386,1
2005,1387,4
2005,1388,2
2005,1389,4
2005,1390,4
2005,1391,6
2005,1392,4
2005,1393,2
2005,1394,3
2005,1395,3
2005,1396,4
2005,1397,7
2005,1398,5
2005,1399,2
2005,1400,2
2005,1401,2
2005,1402,5
2005,1403,4
2005,1404,4
2005,1405,4
2005,1406,3
2005,1407,5
2005,1408,4
2005,1409,4
2005,1410,5
2005,1411,6
2005,1413,2
2005,1414,2
2005,1415,7
2005,1416,4
2005,1417,2
2005,1418,1
2005,1419,3
2005,1420,7
2005,1421,3
2005,1422,5
2005,1423,6
2005,1424,1
2005,1425,4
2005,1426,3
2005,1427,2
2005,1429,1
2005,1430,3
2005,1431,1
2005,1433,3
2005,1434,5
2005,1435,1
2005,1438,5
2005,1439,8
2005,1440,5
2005,1441,5
2005,1442,4
2005,1447,7
2005,1448,2
2005,1449,3
2005,1450,4
2005,1451,5
2005,1452,5
2005,1453,8
2005,1455,2
2005,1456,1
2005,1457,1
2005,1458,1
2005,1459,5
2005,1460,8
2005,1461,5
2005,1462,4
2005,1463,4
2005,1464,3
2006,1103,1
2006,1104,6
2006,1106,7
2006,1108,3
2006,1110,2
2006,1111,6
2006,1112,2
2006,1113,3
2006,1114,6
2006,1115,2
2006,1116,4
2006,1117,5
2006,1119,3
2006,1120,3
2006,1122,3
2006,1123,4
2006,1124,4
2006,1126,6
2006,1128,1
2006,1129,3
2006,1130,2
2006,1131,2
2006,1132,4
2006,1135,7
2006,1137,2
2006,1138,4
2006,1139,1
2006,1140,3
2006,1141,2
2006,1142,5
2006,1143,3
2006,1144,3
2006,1145,5
2006,1147,3
2006,1149,3
2006,1150,3
2006,1151,4
2006,1152,4
2006,1153,3
2006,1154,3
2006,1155,3
2006,1156,6
2006,1157,2
2006,1158,1
2006,1159,3
2006,1160,3
2006,1161,3
2006,1162,9
2006,1164,3
2006,1165,1
2006,1166,6
2006,1168,1
2006,1169,5
2006,1170,3
2006,1171,5
2006,1172,2
2006,1173,5
2006,1174,3
2006,1175,1
2006,1176,8
2006,1177,7
2006,1178,4
2006,1179,1
2006,1180,1
2006,1182,2
2006,1183,4
2006,1184,8
2006,1185,4
2006,1187,5
2006,1189,3
2006,1191,7
2006,1192,1
2006,1193,6
2006,1194,3
2006,1197,6
2006,1198,6
2006,1199,1
2006,1200,5
2006,1201,5
2006,1202,3
2006,1203,2
2006,1204,1
2006,1205,7
2006,1207,2
2006,1208,7
2006,1209,1
2006,1210,5
2006,1211,1
2006,1212,6
2006,1214,2
2006,1216,4
2006,1217,3
2006,1218,5
2006,1219,1
2006,1220,3
2006,1221,2
2006,1222,2
2006,1224,2
2006,1225,3
2006,1226,5
2006,1227,7
2006,1229,2
2006,1231,6
2006,1232,8
2006,1234,3
2006,1235,4
2006,1236,2
2006,1237,3
2006,1238,4
2006,1239,1
2006,1240,4
2006,1241,4
2006,1242,1
2006,1243,4
2006,1244,7
2006,1245,1
2006,1246,5
2006,1247,2
2006,1248,6
2006,1249,3
2006,1250,2
2006,1251,4
2006,1252,1
2006,1253,4
2006,1254,9
2006,1255,5
2006,1256,1
2006,1257,3
2006,1258,5
2006,1259,3
2006,1260,3
2006,1263,5
2006,1264,6
2006,1265,1
2006,1266,6
2006,1267,5
2006,1268,3
2006,1269,3
2006,1270,5
2006,1271,5
2006,1273,3
2006,1274,2
2006,1275,1
2006,1276,2
2006,1277,6
2006,1278,5
2006,1279,5
2006,1280,6
2006,1281,7
2006,1282,7
2006,1283,2
2006,1284,4
2006,1285,1
2006,1286,9
2006,1287,3
2006,1288,4
2006,1290,7
2006,1291,5
2006,1292,3
2006,1294,2
2006,1295,2
2006,1296,4
2006,1298,3
2006,1299,4
2006,1301,2
2006,1304,8
2006,1305,1
2006,1306,8
2006,1307,4
2006,1308,7
2006,1309,7
2006,1310,2
2006,1311,4
2006,1313,4
2006,1314,1
2006,1316,2
2006,1317,5
2006,1318,4
2006,1319,6
2006,1320,4
2006,1321,6
2006,1322,1
2006,1324,5
2006,1325,3
2006,1326,2
2006,1328,3
2006,1329,3
2006,1330,2
2006,1331,1
2006,1332,2
2006,1333,8
2006,1334,1
2006,1335,1
2006,1336,2
2006,1337,6
2006,1338,1
2006,1339,9
2006,1340,2
2006,1341,2
2006,1343,8
2006,1344,2
2006,1345,4
2006,1346,3
2006,1347,4
2006,1348,7
2006,1349,4
2006,1350,9
2006,1351,7
2006,1352,3
2006,1353,4
2006,1354,3
2006,1355,5
2006,1356,6
2006,1357,7
2006,1358,3
2006,1359,1
2006,1360,3
2006,1361,1
2006,1362,4
2006,1363,2
2006,1364,5
2006,1365,4
2006,1366,1
2006,1368,3
2006,1369,4
2006,1371,8
2006,1372,1
2006,1373,3
2006,1375,1
2006,1376,3
2006,1378,3
2006,1379,7
2006,1380,1
2006,1381,3
2006,1382,2
2006,1383,7
2006,1384,3
2006,1385,5
2006,1386,1
2006,1387,6
2006,1388,2
2006,1389,5
2006,1390,4
2006,1391,5
2006,1392,4
2006,1393,8
2006,1395,3
2006,1396,7
2006,1397,3
2006,1398,5
2006,1399,7
2006,1401,1
2006,1402,1
2006,1403,6
2006,1404,5
2006,1405,2
2006,1406,9
2006,1407,4
2006,1408,1
2006,1409,6
2006,1410,3
2006,1411,4
2006,1412,2
2006,1413,5
2006,1414,2
2006,1415,4
2006,1416,2
2006,1418,3
2006,1419,4
2006,1420,5
2006,1421,4
2006,1422,8
2006,1423,1
2006,1424,1
2006,1425,7
2006,1426,4
2006,1427,5
2006,1428,5
2006,1429,1
2006,1430,4
2006,1431,3
2006,1433,4
2006,1434,2
2006,1435,4
2006,1436,3
2006,1437,1
2006,1438,8
2006,1439,2
2006,1440,2
2006,1441,4
2006,1442,1
2006,1443,3
2006,1444,7
2006,1447,6
2006,1448,6
2006,1449,2
2006,1450,4
2006,1451,7
2006,1452,5
2006,1453,9
2006,1454,2
2006,1455,2
2006,1456,1
2006,1457,1
2006,1458,5
2006,1459,5
2006,1460,6
2006,1461,6
2006,1462,3
2006,1463,7
2006,1464,4
2007,1104,8
2007,1105,5
2007,1106,6
2007,1107,2
2007,1108,7
2007,1111,5
2007,1112,3
2007,1113,3
2007,1114,6
2007,1115,1
2007,1116,4
2007,1117,6
2007,1119,7
2007,1120,6
2007,1123,4
2007,1124,4
2007,1126,5
2007,1127,4
2007,1129,5
2007,1130,6
2007,1132,7
2007,1133,3
2007,1135,3
2007,1137,3
2007,1138,6
2007,1139,1
2007,1140,3
2007,1141,6
2007,1142,3
2007,1143,6
2007,1144,6
2007,1145,4
2007,1146,5
2007,1147,5
2007,1149,3
2007,1150,5
2007,1151,3
2007,1152,3
2007,1153,7
2007,1154,4
2007,1155,2
2007,1156,5
2007,1157,3
2007,1158,1
2007,1159,6
2007,1160,5
2007,1161,4
2007,1162,2
2007,1163,1
2007,1164,4
2007,1165,2
2007,1166,1
2007,1168,4
2007,1169,6
2007,1170,5
2007,1171,8
2007,1173,6
2007,1174,5
2007,1175,1
2007,1176,4
2007,1177,4
2007,1178,3
2007,1179,7
2007,1180,3
2007,1181,1
2007,1182,6
2007,1183,7
2007,1184,4
2007,1185,8
2007,1186,4
2007,1187,3
2007,1189,5
2007,1190,1
2007,1191,2
2007,1192,7
2007,1193,5
2007,1194,3
2007,1197,3
2007,1198,7
2007,1199,4
2007,1200,5
2007,1201,5
2007,1202,3
2007,1203,1
2007,1204,3
2007,1205,3
2007,1206,2
2007,1208,6
2007,1209,5
2007,1210,3
2007,1211,2
2007,1212,3
2007,1214,2
2007,1216,3
2007,1217,6
2007,1218,1
2007,1220,6
2007,1224,6
2007,1225,2
2007,1226,1
2007,1227,4
2007,1228,3
2007,1229,4
2007,1231,1
2007,1232,9
2007,1233,2
2007,1234,5
2007,1235,6
2007,1236,1
2007,1237,3
2007,1238,6
2007,1239,3
2007,1240,6
2007,1241,4
2007,1242,1
2007,1243,2
2007,1244,2
2007,1247,3
2007,1248,5
2007,1249,4
2007,1250,5
2007,1251,1
2007,1252,3
2007,1254,8
2007,1255,5
2007,1256,4
2007,1257,1
2007,1258,10
2007,1259,4
2007,1260,2
2007,1261,4
2007,1263,4
2007,1264,8
2007,1265,2
2007,1266,6
2007,1267,10
2007,1268,3
2007,1269,1
2007,1270,7
2007,1271,3
2007,1273,5
2007,1274,7
2007,1275,3
2007,1276,4
2007,1277,2
2007,1278,6
2007,1279,6
2007,1280,1
2007,1281,4
2007,1282,6
2007,1283,1
2007,1284,7
2007,1285,8
2007,1286,5
2007,1287,5
2007,1288,5
2007,1291,2
2007,1292,4
2007,1293,2
2007,1294,2
2007,1295,2
2007,1296,6
2007,1298,5
2007,1299,4
2007,1301,7
2007,1304,6
2007,1305,1
2007,1306,8
2007,1307,5
2007,1308,5
2007,1309,5
2007,1310,3
2007,1311,5
2007,1312,5
2007,1313,6
2007,1316,1
2007,1317,4
2007,1318,3
2007,1319,4
2007,1320,5
2007,1321,3
2007,1322,1
2007,1323,3
2007,1324,2
2007,1325,6
2007,1329,8
2007,1330,2
2007,1331,1
2007,1332,2
2007,1333,4
2007,1334,4
2007,1335,1
2007,1336,4
2007,1337,6
2007,1338,1
2007,1339,7
2007,1340,5
2007,1341,6
2007,1343,8
2007,1344,4
2007,1345,2
2007,1346,4
2007,1347,4
2007,1348,6
2007,1349,9
2007,1350,5
2007,1351,7
2007,1352,3
2007,1353,4
2007,1354,5
2007,1355,4
2007,1356,1
2007,1357,2
2007,1358,1
2007,1359,5
2007,1360,4
2007,1361,4
2007,1363,3
2007,1364,2
2007,1365,2
2007,1366,6
2007,1368,5
2007,1369,6
2007,1371,3
2007,1372,1
2007,1373,2
2007,1374,4
2007,1375,2
2007,1376,7
2007,1378,3
2007,1379,5
2007,1380,4
2007,1381,4
2007,1382,6
2007,1383,7
2007,1384,6
2007,1385,4
2007,1386,3
2007,1387,8
2007,1388,1
2007,1389,2
2007,1390,5
2007,1391,5
2007,1392,6
2007,1393,3
2007,1394,1
2007,1395,6
2007,1396,4
2007,1397,5
2007,1398,6
2007,1399,4
2007,1400,1
2007,1401,1
2007,1402,3
2007,1403,6
2007,1404,6
2007,1405,3
2007,1406,1
2007,1407,7
2007,1408,6
2007,1409,2
2007,1410,3
2007,1411,7
2007,1412,3
2007,1413,5
2007,1414,5
2007,1415,3
2007,1416,1
2007,1418,5
2007,1419,6
2007,1420,8
2007,1421,4
2007,1422,1
2007,1423,4
2007,1424,1
2007,1425,5
2007,1426,4
2007,1427,4
2007,1428,7
2007,1429,5
2007,1431,5
2007,1434,1
2007,1435,5
2007,1436,1
2007,1437,2
2007,1438,8
2007,1439,5
2007,1440,2
2007,1441,3
2007,1442,5
2007,1443,1
2007,1444,4
2007,1445,1
2007,1447,5
2007,1448,7
2007,1449,5
2007,1450,2
2007,1451,9
2007,1452,2
2007,1454,5
2007,1455,4
2007,1456,4
2007,1457,2
2007,1458,1
2007,1459,4
2007,1460,5
2007,1461,7
2007,1462,1
2007,1463,2
2007,1464,6
2008,1102,2
2008,1103,1
2008,1104,4
2008,1105,3
2008,1107,2
2008,1108,6
2008,1110,1
2008,1111,3
2008,1112,3
2008,1113,6
2008,1114,3
2008,1115,7
2008,1116,3
2008,1117,7
2008,1119,9
2008,1120,4
2008,1122,4
2008,1123,5
2008,1124,4
2008,1125,2
2008,1126,7
2008,1127,4
2008,1129,6
2008,1130,5
2008,1131,4
2008,1132,6
2008,1133,3
2008,1137,11
2008,1138,2
2008,1140,3
2008,1141,5
2008,1142,5
2008,1143,4
2008,1144,4
2008,1145,5
2008,1146,6
2008,1147,5
2008,1148,1
2008,1149,5
2008,1150,10
2008,1151,3
2008,1152,5
2008,1153,6
2008,1154,2
2008,1155,1
2008,1156,2
2008,1157,5
2008,1158,6
2008,1159,5
2008,1160,4
2008,1161,5
2008,1162,4
2008,1163,5
2008,1164,4
2008,1165,1
2008,1166,4
2008,1167,6
2008,1169,3
2008,1170,2
2008,1171,7
2008,1173,4
2008,1174,6
2008,1175,1
2008,1176,5
2008,1177,4
2008,1178,5
2008,1180,10
2008,1181,2
2008,1182,2
2008,1183,4
2008,1184,8
2008,1185,4
2008,1186,3
2008,1187,4
2008,1189,4
2008,1190,4
2008,1191,4
2008,1192,5
2008,1193,7
2008,1194,3
2008,1195,5
2008,1197,4
2008,1198,7
2008,1199,5
2008,1200,4
2008,1201,1
2008,1202,4
2008,1203,4
2008,1204,3
2008,1205,4
2008,1206,3
2008,1208,8
2008,1209,6
2008,1210,3
2008,1212,6
2008,1214,4
2008,1216,8
2008,1217,4
2008,1218,3
2008,1219,2
2008,1220,3
2008,1221,4
2008,1224,6
2008,1225,6
2008,1226,8
2008,1227,2
2008,1228,2
2008,1231,1
2008,1232,5
2008,1233,4
2008,1234,5
2008,1235,4
2008,1236,3
2008,1237,1
2008,1238,5
2008,1239,2
2008,1240,5
2008,1241,5
2008,1243,2
2008,1244,6
2008,1245,1
2008,1246,5
2008,1247,4
2008,1248,3
2008,1249,1
2008,1250,5
2008,1251,3
2008,1252,2
2008,1253,3
2008,1254,1
2008,1255,4
2008,1256,5
2008,1257,1
2008,1258,5
2008,1259,5
2008,1260,6
2008,1261,5
2008,1263,5
2008,1264,5
2008,1265,4
2008,1266,1
2008,1267,5
2008,1268,4
2008,1269,1
2008,1270,5
2008,1271,4
2008,1273,2
2008,1274,4
2008,1275,4
2008,1276,4
2008,1277,1
2008,1278,2
2008,1279,5
2008,1281,4
2008,1282,5
2008,1283,3
2008,1284,4
2008,1285,1
2008,1286,5
2008,1287,7
2008,1288,2
2008,1290,1
2008,1291,3
2008,1292,4
2008,1293,2
2008,1294,6
2008,1295,1
2008,1296,6
2008,1298,5
2008,1299,6
2008,1300,3
2008,1301,9
2008,1304,3
2008,1305,3
2008,1306,5
2008,1308,1
2008,1309,6
2008,1310,1
2008,1311,5
2008,1313,3
2008,1316,2
2008,1317,4
2008,1318,2
2008,1319,1
2008,1320,6
2008,1321,2
2008,1322,9
2008,1323,3
2008,1324,4
2008,1325,5
2008,1326,2
2008,1328,6
2008,1329,6
2008,1330,3
2008,1331,3
2008,1332,4
2008,1333,1
2008,1334,5
2008,1335,6
2008,1336,6
2008,1337,3
2008,1338,7
2008,1339,5
2008,1340,2
2008,1341,4
2008,1342,1
2008,1343,4
2008,1344,5
2008,1345,4
2008,1346,4
2008,1347,7
2008,1348,3
2008,1349,2
2008,1350,8
2008,1351,1
2008,1352,1
2008,1353,4
2008,1354,4
2008,1355,5
2008,1356,4
2008,1357,5
2008,1358,3
2008,1359,7
2008,1360,4
2008,1361,3
2008,1362,4
2008,1363,7
2008,1364,3
2008,1365,1
2008,1366,4
2008,1367,3
2008,1368,3
2008,1369,6
2008,1371,4
2008,1372,1
2008,1373,1
2008,1374,6
2008,1375,4
2008,1376,5
2008,1378,4
2008,1379,2
2008,1380,1
2008,1381,4
2008,1382,3
2008,1383,5
2008,1384,5
2008,1385,4
2008,1386,2
2008,1387,9
2008,1388,3
2008,1389,3
2008,1390,3
2008,1391,2
2008,1392,2
2008,1393,4
2008,1394,7
2008,1395,3
2008,1396,4
2008,1397,1
2008,1398,4
2008,1399,4
2008,1400,2
2008,1401,1
2008,1402,4
2008,1403,6
2008,1404,3
2008,1405,9
2008,1406,9
2008,1407,5
2008,1408,7
2008,1409,1
2008,1410,1
2008,1411,5
2008,1413,6
2008,1414,7
2008,1415,5
2008,1416,1
2008,1418,4
2008,1419,5
2008,1421,3
2008,1422,1
2008,1423,5
2008,1424,3
2008,1425,3
2008,1426,5
2008,1427,9
2008,1428,2
2008,1429,3
2008,1431,6
2008,1433,1
2008,1434,6
2008,1435,5
2008,1436,1
2008,1437,3
2008,1438,3
2008,1440,4
2008,1441,5
2008,1442,4
2008,1443,1
2008,1444,4
2008,1445,6
2008,1447,10
2008,1448,6
2008,1449,6
2008,1451,2
2008,1452,1
2008,1453,6
2008,1454,5
2008,1455,8
2008,1456,6
2008,1457,3
2008,1459,5
2008,1460,6
2008,1461,6
2008,1463,4
2008,1464,4
2009,1102,2
2009,1103,3
2009,1104,8
2009,1105,4
2009,1107,6
2009,1108,3
2009,1111,5
2009,1112,6
2009,1113,2
2009,1114,2
2009,1115,2
2009,1116,4
2009,1117,4
2009,1119,3
2009,1120,3
2009,1122,6
2009,1123,5
2009,1124,4
2009,1125,1
2009,1126,2
2009,1127,5
2009,1129,4
2009,1130,6
2009,1131,1
2009,1132,4
2009,1133,3
2009,1135,5
2009,1136,6
2009,1137,5
2009,1138,4
2009,1139,1
2009,1141,5
2009,1142,6
2009,1143,5
2009,1144,5
2009,1145,6
2009,1146,5
2009,1147,5
2009,1148,7
2009,1149,4
2009,1150,4
2009,1151,3
2009,1153,8
2009,1154,3
2009,1155,1
2009,1156,2
2009,1157,5
2009,1158,4
2009,1159,6
2009,1160,1
2009,1161,4
2009,1162,6
2009,1164,1
2009,1165,2
2009,1166,2
2009,1167,6
2009,1168,5
2009,1170,2
2009,1171,7
2009,1172,1
2009,1173,4
2009,1174,7
2009,1175,3
2009,1176,5
2009,1177,5
2009,1178,5
2009,1179,7
2009,1180,3
2009,1182,3
2009,1183,6
2009,1184,2
2009,1185,6
2009,1186,9
2009,1187,5
2009,1188,3
2009,1189,6
2009,1191,4
2009,1192,7
2009,1193,2
2009,1194,5
2009,1195,7
2009,1196,1
2009,1197,7
2009,1198,6
2009,1199,5
2009,1200,3
2009,1201,6
2009,1202,4
2009,1203,5
2009,1204,5
2009,1205,2
2009,1206,1
2009,1207,4
2009,1208,5
2009,1209,5
2009,1210,4
2009,1212,5
2009,1214,6
2009,1216,5
2009,1217,5
2009,1218,8
2009,1219,3
2009,1220,5
2009,1221,3
2009,1222,1
2009,1223,1
2009,1224,6
2009,1225,6
2009,1226,4
2009,1227,4
2009,1228,3
2009,1231,4
2009,1232,8
2009,1233,4
2009,1234,6
2009,1235,6
2009,1236,2
2009,1237,1
2009,1238,1
2009,1239,3
2009,1240,6
2009,1241,5
2009,1242,2
2009,1243,3
2009,1244,5
2009,1245,2
2009,1246,4
2009,1247,2
2009,1248,8
2009,1249,7
2009,1250,3
2009,1251,4
2009,1252,3
2009,1253,7
2009,1254,2
2009,1255,4
2009,1256,7
2009,1257,1
2009,1258,3
2009,1259,5
2009,1260,6
2009,1261,2
2009,1263,5
2009,1264,4
2009,1265,6
2009,1266,2
2009,1267,4
2009,1268,5
2009,1269,6
2009,1270,4
2009,1271,4
2009,1273,4
2009,1274,2
2009,1275,1
2009,1276,6
2009,1278,5
2009,1279,4
2009,1280,4
2009,1282,6
2009,1283,6
2009,1284,7
2009,1285,3
2009,1286,9
2009,1287,7
2009,1288,1
2009,1290,3
2009,1291,1
2009,1292,1
2009,1293,3
2009,1294,4
2009,1296,5
2009,1298,5
2009,1299,4
2009,1300,3
2009,1301,3
2009,1304,4
2009,1305,2
2009,1306,6
2009,1307,3
2009,1308,2
2009,1309,7
2009,1310,2
2009,1311,3
2009,1312,1
2009,1313,7
2009,1316,6
2009,1317,3
2009,1318,5
2009,1319,3
2009,1320,6
2009,1321,6
2009,1322,3
2009,1323,4
2009,1324,3
2009,1325,5
2009,1326,3
2009,1329,2
2009,1330,3
2009,1332,5
2009,1333,8
2009,1334,3
2009,1335,4
2009,1336,6
2009,1337,5
2009,1338,2
2009,1339,4
2009,1340,4
2009,1341,1
2009,1342,5
2009,1343,4
2009,1344,4
2009,1345,1
2009,1346,5
2009,1347,2
2009,1348,3
2009,1349,7
2009,1350,4
2009,1351,5
2009,1352,3
2009,1353,2
2009,1354,4
2009,1355,4
2009,1356,7
2009,1357,1
2009,1358,1
2009,1359,5
2009,1360,7
2009,1361,3
2009,1362,7
2009,1363,4
2009,1364,1
2009,1365,4
2009,1366,6
2009,1367,5
2009,1368,1
2009,1369,2
2009,1371,3
2009,1372,1
2009,1374,5
2009,1375,4
2009,1376,5
2009,1378,4
2009,1379,5
2009,1380,4
2009,1381,5
2009,1382,7
2009,1383,4
2009,1384,5
2009,1385,5
2009,1386,2
2009,1387,8
2009,1388,2
2009,1389,9
2009,1390,5
2009,1391,5
2009,1392,1
2009,1393,5
2009,1394,3
2009,1395,2
2009,1396,2
2009,1397,2
2009,1398,8
2009,1399,4
2009,1400,3
2009,1401,6
2009,1402,7
2009,1403,5
2009,1405,5
2009,1406,8
2009,1407,6
2009,1408,5
2009,1409,3
2009,1410,2
2009,1412,1
2009,1413,9
2009,1414,5
2009,1415,7
2009,1416,3
2009,1418,6
2009,1419,9
2009,1420,6
2009,1421,6
2009,1422,4
2009,1423,6
2009,1424,6
2009,1425,3
2009,1426,2
2009,1427,4
2009,1428,2
2009,1429,1
2009,1430,2
2009,1431,4
2009,1433,1
2009,1434,5
2009,1435,5
2009,1437,1
2009,1438,4
2009,1439,4
2009,1440,2
2009,1441,5
2009,1442,6
2009,1443,1
2009,1444,4
2009,1445,5
2009,1447,5
2009,1448,5
2009,1449,4
2009,1450,4
2009,1452,1
2009,1453,3
2009,1454,6
2009,1455,7
2009,1456,3
2009,1457,7
2009,1458,1
2009,1459,3
2009,1460,3
2009,1461,5
2009,1462,2
2009,1463,3
2009,1464,5
2010,1102,4
2010,1103,2
2010,1104,2
2010,1105,1
2010,1106,3
2010,1107,3
2010,1108,2
2010,1110,10
2010,1111,1
2010,1112,5
2010,1113,2
2010,1114,5
2010,1116,8
2010,1117,4
2010,1119,3
2010,1120,4
2010,1122,5
2010,1123,8
2010,1126,3
2010,1127,5
2010,1129,2
2010,1130,6
2010,1131,1
2010,1132,6
2010,1133,5
2010,1135,3
2010,1136,1
2010,1137,3
2010,1138,6
2010,1139,1
2010,1141,5
2010,1142,9
2010,1144,3
2010,1145,6
2010,1146,4
2010,1147,4
2010,1148,5
2010,1149,6
2010,1150,3
2010,1151,6
2010,1152,5
2010,1153,6
2010,1154,4
2010,1155,2
2010,1156,4
2010,1157,1
2010,1158,4
2010,1159,4
2010,1160,3
2010,1161,4
2010,1162,5
2010,1163,4
2010,1164,4
2010,1166,5
2010,1167,6
2010,1168,4
2010,1169,5
2010,1170,6
2010,1171,4
2010,1172,4
2010,1173,1
2010,1174,6
2010,1175,3
2010,1176,4
2010,1177,3
2010,1179,7
2010,1180,5
2010,1182,4
2010,1183,5
2010,1184,1
2010,1185,4
2010,1186,5
2010,1187,4
2010,1188,2
2010,1189,7
2010,1190,4
2010,1191,3
2010,1192,8
2010,1193,1
2010,1194,3
2010,1195,5
2010,1196,5
2010,1197,6
2010,1198,4
2010,1199,3
2010,1200,2
2010,1201,5
2010,1202,2
2010,1203,3
2010,1204,7
2010,1205,5
2010,1206,5
2010,1207,2
2010,1208,7
2010,1209,3
2010,1210,3
2010,1211,3
2010,1212,3
2010,1216,6
2010,1217,2
2010,1218,4
2010,1219,6
2010,1220,2
2010,1222,5
2010,1223,3
2010,1224,7
2010,1225,2
2010,1226,4
2010,1227,6
2010,1228,5
2010,1229,2
2010,1231,5
2010,1232,8
2010,1233,2
2010,1234,3
2010,1235,1
2010,1236,4
2010,1238,4
2010,1239,1
2010,1240,4
2010,1241,3
2010,1244,4
2010,1245,2
2010,1247,1
2010,1248,3
2010,1249,7
2010,1251,2
2010,1252,5
2010,1253,6
2010,1254,3
2010,1255,3
2010,1256,5
2010,1257,3
2010,1258,5
2010,1259,7
2010,1260,6
2010,1261,4
2010,1263,4
2010,1264,2
2010,1265,1
2010,1266,3
2010,1267,1
2010,1268,1
2010,1269,4
2010,1270,5
2010,1271,5
2010,1273,6
2010,1274,4
2010,1275,4
2010,1276,4
2010,1277,2
2010,1278,5
2010,1279,2
2010,1280,2
2010,1281,2
2010,1282,3
2010,1284,3
2010,1286,6
2010,1287,1
2010,1288,2
2010,1290,3
2010,1292,2
2010,1294,2
2010,1295,3
2010,1296,4
2010,1298,10
2010,1299,6
2010,1300,3
2010,1301,7
2010,1304,4
2010,1305,1
2010,1306,4
2010,1307,7
2010,1308,5
2010,1309,5
2010,1310,4
2010,1311,4
2010,1312,4
2010,1313,4
2010,1314,5
2010,1315,6
2010,1316,4
2010,1317,1
2010,1318,5
2010,1319,3
2010,1321,8
2010,1322,3
2010,1323,5
2010,1324,2
2010,1325,3
2010,1328,5
2010,1329,4
2010,1330,1
2010,1331,4
2010,1332,8
2010,1333,10
2010,1334,2
2010,1335,3
2010,1336,4
2010,1337,5
2010,1338,4
2010,1339,2
2010,1340,3
2010,1341,4
2010,1342,3
2010,1343,2
2010,1344,3
2010,1345,3
2010,1346,2
2010,1347,3
2010,1348,2
2010,1349,3
2010,1350,7
2010,1351,8
2010,1352,5
2010,1353,5
2010,1354,3
2010,1355,2
2010,1356,3
2010,1357,4
2010,1359,3
2010,1360,4
2010,1362,4
2010,1363,6
2010,1364,3
2010,1365,5
2010,1366,2
2010,1367,4
2010,1368,1
2010,1369,4
2010,1370,4
2010,1371,4
2010,1374,2
2010,1375,8
2010,1376,5
2010,1377,1
2010,1378,6
2010,1379,2
2010,1380,3
2010,1381,5
2010,1382,1
2010,1383,5
2010,1384,8
2010,1385,5
2010,1386,6
2010,1387,5
2010,1388,1
2010,1389,3
2010,1390,3
2010,1391,5
2010,1392,5
2010,1394,1
2010,1395,2
2010,1396,2
2010,1397,2
2010,1398,3
2010,1399,5
2010,1400,1
2010,1401,1
2010,1402,4
2010,1403,3
2010,1404,1
2010,1405,3
2010,1406,7
2010,1407,5
2010,1408,4
2010,1409,3
2010,1410,1
2010,1411,3
2010,1412,1
2010,1413,7
2010,1414,8
2010,1415,6
2010,1416,4
2010,1417,8
2010,1418,6
2010,1419,5
2010,1420,4
2010,1421,2
2010,1422,5
2010,1423,5
2010,1424,4
2010,1425,7
2010,1426,4
2010,1427,5
2010,1428,5
2010,1429,1
2010,1430,5
2010,1433,2
2010,1434,4
2010,1435,4
2010,1436,4
2010,1437,3
2010,1438,7
2010,1439,2
2010,1440,4
2010,1441,5
2010,1442,1
2010,1443,3
2010,1444,3
2010,1445,7
2010,1447,5
2010,1448,7
2010,1449,3
2010,1450,5
2010,1451,2
2010,1453,7
2010,1454,2
2010,1455,1
2010,1456,6
2010,1457,3
2010,1458,2
2010,1461,5
2010,1463,1
2010,1464,2
2011,1102,2
2011,1103,4
2011,1104,1
2011,1105,2
2011,1106,3
2011,1107,6
2011,1108,2
2011,1111,4
2011,1112,1
2011,1113,6
2011,1114,7
2011,1115,4
2011,1116,5
2011,1117,2
2011,1119,3
2011,1120,6
2011,1122,3
2011,1123,3
2011,1124,5
2011,1126,1
2011,1127,6
2011,1130,5
2011,1131,3
2011,1132,7
2011,1133,4
2011,1135,5
2011,1136,7
2011,1137,1
2011,1138,1
2011,1139,1
2011,1140,2
2011,1141,4
2011,1142,3
2011,1143,5
2011,1144,6
2011,1145,5
2011,1146,1
2011,1147,1
2011,1148,1
2011,1149,4
2011,1150,6
2011,1151,7
2011,1152,4
2011,1153,1
2011,1154,4
2011,1156,1
2011,1158,1
2011,1159,4
2011,1160,5
2011,1161,4
2011,1162,5
2011,1163,3
2011,1164,1
2011,1165,4
2011,1167,8
2011,1168,6
2011,1169,7
2011,1170,5
2011,1171,5
2011,1172,4
2011,1173,6
2011,1174,5
2011,1175,3
2011,1176,6
2011,1177,4
2011,1178,3
2011,1179,6
2011,1180,3
2011,1182,1
2011,1183,5
2011,1184,2
2011,1185,3
2011,1186,3
2011,1187,7
2011,1188,4
2011,1189,2
2011,1190,1
2011,1191,5
2011,1192,4
2011,1193,1
2011,1194,5
2011,1195,3
2011,1196,1
2011,1197,6
2011,1198,6
2011,1199,2
2011,1200,5
2011,1201,4
2011,1202,2
2011,1203,8
2011,1204,2
2011,1205,6
2011,1207,5
2011,1208,3
2011,1209,5
2011,1210,5
2011,1211,1
2011,1212,6
2011,1214,3
2011,1216,9
2011,1217,2
2011,1218,5
2011,1219,8
2011,1220,4
2011,1221,2
2011,1222,7
2011,1223,4
2011,1224,6
2011,1225,2
2011,1226,6
2011,1227,4
2011,1228,2
2011,1229,5
2011,1231,3
2011,1232,6
2011,1233,1
2011,1234,5
2011,1235,3
2011,1236,4
2011,1237,2
2011,1238,1
2011,1239,3
2011,1240,2
2011,1241,7
2011,1243,2
2011,1244,6
2011,1245,1
2011,1247,5
2011,1248,1
2011,1249,1
2011,1250,2
2011,1251,7
2011,1252,3
2011,1253,2
2011,1255,7
2011,1256,6
2011,1257,5
2011,1258,3
2011,1259,3
2011,1260,2
2011,1261,4
2011,1263,4
2011,1264,5
2011,1265,6
2011,1266,5
2011,1267,2
2011,1268,2
2011,1269,10
2011,1270,1
2011,1271,6
2011,1272,9
2011,1273,4
2011,1274,2
2011,1275,8
2011,1276,2
2011,1277,4
2011,1278,5
2011,1279,4
2011,1280,8
2011,1281,3
2011,1282,6
2011,1283,2
2011,1284,2
2011,1285,1
2011,1286,4
2011,1287,1
2011,1288,4
2011,1290,2
2011,1291,3
2011,1292,2
2011,1293,3
2011,1294,2
2011,1295,4
2011,1296,3
2011,1298,4
2011,1299,5
2011,1300,4
2011,1301,3
2011,1304,5
2011,1305,3
2011,1306,5
2011,1307,2
2011,1308,3
2011,1310,7
2011,1311,3
2011,1312,3
2011,1313,6
2011,1314,2
2011,1315,5
2011,1316,4
2011,1317,2
2011,1318,4
2011,1319,2
2011,1320,7
2011,1321,2
2011,1322,9
2011,1323,4
2011,1325,6
2011,1328,7
2011,1329,5
2011,1330,4
2011,1331,5
2011,1332,5
2011,1333,6
2011,1334,4
2011,1335,3
2011,1336,5
2011,1337,7
2011,1339,2
2011,1340,9
2011,1341,3
2011,1342,7
2011,1343,3
2011,1344,4
2011,1345,2
2011,1346,4
2011,1347,2
2011,1348,6
2011,1349,2
2011,1350,2
2011,1351,3
2011,1352,4
2011,1353,4
2011,1354,5
2011,1355,1
2011,1356,8
2011,1357,5
2011,1358,2
2011,1359,9
2011,1360,3
2011,1362,7
2011,1363,8
2011,1364,3
2011,1365,2
2011,1366,2
2011,1367,5
2011,1368,6
2011,1369,4
2011,1370,8
2011,1371,4
2011,1372,2
2011,1373,8
2011,1374,6
2011,1375,7
2011,1376,6
2011,1377,5
2011,1378,4
2011,1379,2
2011,1380,3
2011,1381,3
2011,1382,6
2011,1383,3
2011,1384,5
2011,1385,9
2011,1386,6
2011,1387,3
2011,1388,2
2011,1389,6
2011,1390,4
2011,1391,7
2011,1392,3
2011,1393,2
2011,1394,6
2011,1395,3
2011,1396,1
2011,1397,7
2011,1398,4
2011,1399,3
2011,1400,1
2011,1401,5
2011,1402,5
2011,1403,4
2011,1404,5
2011,1405,3
2011,1406,3
2011,1407,5
2011,1408,2
2011,1409,5
2011,1410,2
2011,1411,2
2011,1412,1
2011,1413,2
2011,1414,4
2011,1415,10
2011,1416,7
2011,1417,3
2011,1418,6
2011,1419,4
2011,1420,5
2011,1421,2
2011,1422,4
2011,1423,4
2011,1424,1
2011,1425,4
2011,1426,4
2011,1427,6
2011,1428,4
2011,1430,1
2011,1431,1
2011,1433,4
2011,1434,4
2011,1435,4
2011,1436,1
2011,1437,5
2011,1438,9
2011,1439,3
2011,1440,1
2011,1441,3
2011,1442,2
2011,1443,6
2011,1444,5
2011,1447,5
2011,1448,5
2011,1450,4
2011,1451,4
2011,1452,4
2011,1453,5
2011,1454,11
2011,1456,5
2011,1457,4
2011,1458,1
2011,1459,2
2011,1460,2
2011,1461,5
2011,1462,2
2011,1463,2
2011,1464,3
2012,1102,3
2012,1103,1
2012,1104,1
2012,1105,5
2012,1106,2
2012,1108,4
2012,1110,3
2012,1111,7
2012,1112,2
2012,1113,8
2012,1114,3
2012,1115,5
2012,1116,4
2012,1117,3
2012,1119,3
2012,1120,5
2012,1122,5
2012,1123,2
2012,1124,1
2012,1126,3
2012,1127,2
2012,1129,3
2012,1130,6
2012,1131,2
2012,1132,4
2012,1133,6
2012,1135,6
2012,1136,2
2012,1137,1
2012,1138,3
2012,1139,3
2012,1140,1
2012,1141,4
2012,1142,1
2012,1144,5
2012,1145,2
2012,1146,4
2012,1148,2
2012,1149,1
2012,1150,4
2012,1151,6
2012,1152,3
2012,1153,5
2012,1154,4
2012,1155,3
2012,1156,3
2012,1157,5
2012,1158,6
2012,1159,5
2012,1160,7
2012,1161,5
2012,1162,4
2012,1163,1
2012,1164,3
2012,1165,6
2012,1166,1
2012,1167,5
2012,1168,2
2012,1169,4
2012,1170,4
2012,1171,1
2012,1172,1
2012,1173,6
2012,1174,5
2012,1175,3
2012,1176,3
2012,1177,3
2012,1178,1
2012,1179,6
2012,1181,3
2012,1182,6
2012,1183,4
2012,1184,7
2012,1185,9
2012,1186,1
2012,1187,2
2012,1188,5
2012,1189,6
2012,1190,2
2012,1191,8
2012,1192,2
2012,1193,2
2012,1194,6
2012,1195,3
2012,1197,5
2012,1198,7
2012,1199,4
2012,1200,7
2012,1201,4
2012,1202,7
2012,1203,6
2012,1204,3
2012,1205,7
2012,1206,5
2012,1207,2
2012,1208,7
2012,1209,2
2012,1210,4
2012,1212,4
2012,1214,4
2012,1216,4
2012,1217,1
2012,1218,7
2012,1219,4
2012,1220,4
2012,1221,4
2012,1222,7
2012,1223,7
2012,1224,6
2012,1225,4
2012,1226,6
2012,1227,4
2012,1228,6
2012,1229,5
2012,1231,3
2012,1232,7
2012,1234,7
2012,1235,4
2012,1236,4
2012,1237,6
2012,1238,3
2012,1239,3
2012,1240,3
2012,1241,5
2012,1242,1
2012,1243,3
2012,1244,2
2012,1245,3
2012,1247,2
2012,1248,4
2012,1251,8
2012,1252,3
2012,1254,7
2012,1255,5
2012,1256,6
2012,1257,2
2012,1258,5
2012,1259,6
2012,1260,4
2012,1261,4
2012,1263,3
2012,1264,2
2012,1265,5
2012,1266,3
2012,1267,5
2012,1268,5
2012,1269,6
2012,1270,5
2012,1271,5
2012,1274,2
2012,1275,4
2012,1276,5
2012,1277,2
2012,1278,1
2012,1279,4
2012,1280,5
2012,1281,1
2012,1282,7
2012,1283,2
2012,1284,5
2012,1285,1
2012,1286,5
2012,1287,4
2012,1288,3
2012,1290,1
2012,1291,2
2012,1292,1
2012,1293,2
2012,1294,3
2012,1295,3
2012,1296,4
2012,1298,1
2012,1299,3
2012,1300,1
2012,1301,2
2012,1303,1
2012,1304,5
2012,1305,4
2012,1306,4
2012,1307,1
2012,1308,1
2012,1310,4
2012,1311,8
2012,1312,4
2012,1313,4
2012,1314,1
2012,1315,4
2012,1316,4
2012,1317,2
2012,1318,6
2012,1319,3
2012,1320,2
2012,1321,3
2012,1322,4
2012,1323,4
2012,1324,3
2012,1328,5
2012,1329,5
2012,1330,3
2012,1331,4
2012,1332,5
2012,1333,6
2012,1334,5
2012,1335,5
2012,1336,4
2012,1337,7
2012,1338,4
2012,1339,5
2012,1340,1
2012,1341,5
2012,1342,4
2012,1343,3
2012,1344,4
2012,1345,1
2012,1346,3
2012,1347,3
2012,1348,4
2012,1349,4
2012,1350,4
2012,1351,3
2012,1352,3
2012,1353,6
2012,1354,3
2012,1355,1
2012,1356,3
2012,1357,4
2012,1358,4
2012,1359,9
2012,1360,2
2012,1361,5
2012,1362,3
2012,1363,6
2012,1365,4
2012,1367,1
2012,1368,3
2012,1369,4
2012,1370,4
2012,1371,4
2012,1372,2
2012,1373,8
2012,1374,8
2012,1375,7
2012,1376,4
2012,1377,4
2012,1378,2
2012,1379,4
2012,1380,1
2012,1381,4
2012,1382,1
2012,1383,4
2012,1384,3
2012,1385,8
2012,1386,4
2012,1388,2
2012,1389,2
2012,1390,1
2012,1391,4
2012,1392,1
2012,1394,5
2012,1395,9
2012,1396,3
2012,1397,4
2012,1398,2
2012,1399,4
2012,1400,3
2012,1401,3
2012,1402,4
2012,1403,3
2012,1404,2
2012,1405,7
2012,1406,1
2012,1407,8
2012,1408,3
2012,1409,1
2012,1410,4
2012,1411,1
2012,1412,4
2012,1413,3
2012,1414,4
2012,1415,7
2012,1416,3
2012,1417,3
2012,1418,8
2012,1419,2
2012,1420,2
2012,1422,7
2012,1423,5
2012,1424,3
2012,1425,2
2012,1426,2
2012,1427,5
2012,1428,4
2012,1429,3
2012,1430,3
2012,1431,6
2012,1433,1
2012,1434,10
2012,1435,2
2012,1436,1
2012,1437,2
2012,1438,1
2012,1439,4
2012,1440,7
2012,1441,3
2012,1442,5
2012,1443,7
2012,1444,3
2012,1447,2
2012,1448,5
2012,1449,3
2012,1450,4
2012,1451,3
2012,1452,3
2012,1453,6
2012,1454,5
2012,1456,4
2012,1457,4
2012,1458,1
2012,1459,3
2012,1460,5
2012,1461,3
2012,1462,4
2012,1463,3
2012,1464,5
2013,1102,4
2013,1103,1
2013,1104,2
2013,1105,5
2013,1106,4
2013,1107,3
2013,1108,3
2013,1110,6
2013,1111,3
2013,1112,2
2013,1113,5
2013,1114,6
2013,1115,2
2013,1116,5
2013,1117,2
2013,1120,4
2013,1122,5
2013,1123,11
2013,1124,2
2013,1126,4
2013,1127,2
2013,1129,4
2013,1130,5
2013,1131,2
2013,1132,5
2013,1133,5
2013,1135,6
2013,1136,4
2013,1137,1
2013,1138,4
2013,1139,4
2013,1141,5
2013,1142,3
2013,1143,6
2013,1144,8
2013,1145,2
2013,1146,6
2013,1148,6
2013,1150,8
2013,1151,7
2013,1152,2
2013,1153,4
2013,1154,4
2013,1155,3
2013,1156,8
2013,1157,4
2013,1158,3
2013,1159,5
2013,1160,5
2013,1162,4
2013,1163,4
2013,1164,4
2013,1165,5
2013,1166,1
2013,1167,4
2013,1168,3
2013,1169,6
2013,1170,5
2013,1171,7
2013,1173,1
2013,1174,4
2013,1175,7
2013,1177,4
2013,1178,2
2013,1179,5
2013,1180,3
2013,1181,1
2013,1182,5
2013,1183,3
2013,1185,3
2013,1186,5
2013,1188,6
2013,1189,1
2013,1190,7
2013,1191,5
2013,1192,6
2013,1193,3
2013,1194,7
2013,1195,1
2013,1197,1
2013,1198,5
2013,1199,11
2013,1200,5
2013,1201,4
2013,1202,5
2013,1203,2
2013,1204,6
2013,1205,4
2013,1206,3
2013,1207,3
2013,1208,8
2013,1209,6
2013,1210,4
2013,1214,5
2013,1216,5
2013,1217,2
2013,1218,5
2013,1219,1
2013,1220,6
2013,1221,3
2013,1222,4
2013,1223,8
2013,1224,3
2013,1225,2
2013,1226,5
2013,1227,8
2013,1228,5
2013,1229,1
2013,1232,10
2013,1233,1
2013,1234,2
2013,1235,4
2013,1236,5
2013,1237,4
2013,1238,2
2013,1239,7
2013,1240,2
2013,1241,7
2013,1242,1
2013,1243,3
2013,1244,2
2013,1245,1
2013,1246,4
2013,1247,2
2013,1248,5
2013,1249,3
2013,1250,1
2013,1251,6
2013,1252,6
2013,1253,4
2013,1254,4
2013,1255,6
2013,1256,2
2013,1258,4
2013,1259,1
2013,1260,1
2013,1261,6
2013,1263,7
2013,1264,6
2013,1265,6
2013,1266,5
2013,1267,7
2013,1268,3
2013,1269,8
2013,1270,8
2013,1271,2
2013,1273,3
2013,1274,2
2013,1275,6
2013,1277,3
2013,1278,3
2013,1279,3
2013,1280,7
2013,1281,2
2013,1282,5
2013,1283,8
2013,1284,6
2013,1285,2
2013,1286,6
2013,1287,8
2013,1290,3
2013,1291,6
2013,1292,1
2013,1293,5
2013,1296,4
2013,1297,2
2013,1298,6
2013,1299,4
2013,1300,1
2013,1301,2
2013,1303,7
2013,1304,6
2013,1305,7
2013,1306,4
2013,1307,2
2013,1308,3
2013,1309,4
2013,1310,6
2013,1311,3
2013,1312,1
2013,1313,4
2013,1315,2
2013,1316,4
2013,1317,5
2013,1318,10
2013,1319,6
2013,1320,5
2013,1321,5
2013,1322,3
2013,1323,3
2013,1324,5
2013,1326,2
2013,1328,5
2013,1329,1
2013,1330,4
2013,1331,2
2013,1332,1
2013,1333,5
2013,1334,2
2013,1335,4
2013,1336,5
2013,1337,5
2013,1338,1
2013,1339,7
2013,1340,3
2013,1341,5
2013,1342,5
2013,1343,1
2013,1344,4
2013,1345,4
2013,1346,6
2013,1347,6
2013,1348,5
2013,1349,2
2013,1350,2
2013,1351,7
2013,1352,1
2013,1353,4
2013,1354,4
2013,1355,3
2013,1356,7
2013,1357,6
2013,1358,2
2013,1359,6
2013,1360,4
2013,1361,2
2013,1362,2
2013,1363,7
2013,1364,8
2013,1365,1
2013,1366,4
2013,1368,2
2013,1369,1
2013,1370,1
2013,1371,2
2013,1372,1
2013,1373,7
2013,1374,4
2013,1375,4
2013,1376,6
2013,1377,4
2013,1378,5
2013,1379,1
2013,1380,2
2013,1381,8
2013,1382,3
2013,1383,6
2013,1384,4
2013,1385,4
2013,1386,4
2013,1387,2
2013,1388,1
2013,1389,8
2013,1390,2
2013,1391,3
2013,1393,1
2013,1394,4
2013,1395,5
2013,1396,5
2013,1397,5
2013,1398,2
2013,1399,4
2013,1400,4
2013,1401,7
2013,1402,7
2013,1403,3
2013,1404,5
2013,1405,2
2013,1406,7
2013,1407,8
2013,1408,1
2013,1409,8
2013,1410,7
2013,1412,2
2013,1413,5
2013,1414,3
2013,1415,4
2013,1416,3
2013,1417,5
2013,1418,3
2013,1419,4
2013,1420,5
2013,1421,2
2013,1422,1
2013,1423,8
2013,1424,6
2013,1425,10
2013,1426,4
2013,1427,5
2013,1428,8
2013,1429,4
2013,1430,4
2013,1431,2
2013,1435,5
2013,1436,3
2013,1437,5
2013,1438,4
2013,1439,7
2013,1440,5
2013,1441,1
2013,1442,2
2013,1443,1
2013,1444,2
2013,1447,3
2013,1448,7
2013,1449,6
2013,1450,1
2013,1451,1
2013,1452,3
2013,1453,3
2013,1454,4
2013,1455,1
2013,1456,2
2013,1457,8
2013,1458,5
2013,1459,3
2013,1460,2
2013,1461,4
2013,1462,7
2013,1463,6
2013,1464,7
2014,1101,2
2014,1102,5
2014,1103,7
2014,1104,6
2014,1105,5
2014,1106,4
2014,1107,6
2014,1108,3
2014,1111,3
2014,1113,3
2014,1114,5
2014,1115,7
2014,1116,3
2014,1119,5
2014,1120,6
2014,1122,5
2014,1123,3
2014,1124,4
2014,1125,2
2014,1126,4
2014,1127,5
2014,1129,2
2014,1130,3
2014,1131,3
2014,1132,7
2014,1133,5
2014,1135,3
2014,1136,3
2014,1137,5
2014,1138,1
2014,1139,4
2014,1140,3
2014,1141,4
2014,1142,5
2014,1143,4
2014,1144,6
2014,1145,3
2014,1146,4
2014,1148,7
2014,1149,1
2014,1150,6
2014,1151,6
2014,1152,9
2014,1153,3
2014,1154,3
2014,1155,3
2014,1156,1
2014,1157,5
2014,1158,5
2014,1159,2
2014,1160,7
2014,1161,4
2014,1162,1
2014,1163,1
2014,1164,3
2014,1165,1
2014,1166,2
2014,1167,1
2014,1168,6
2014,1169,6
2014,1170,7
2014,1171,3
2014,1172,1
2014,1173,2
2014,1175,3
2014,1176,4
2014,1177,8
2014,1178,6
2014,1179,7
2014,1180,4
2014,1181,1
2014,1182,4
2014,1183,7
2014,1184,2
2014,1185,5
2014,1186,4
2014,1187,5
2014,1188,5
2014,1189,3
2014,1190,4
2014,1191,6
2014,1192,6
2014,1193,6
2014,1194,6
2014,1195,3
2014,1197,5
2014,1198,3
2014,1199,2
2014,1200,5
2014,1201,2
2014,1202,4
2014,1203,3
2014,1204,2
2014,1205,4
2014,1206,7
2014,1207,7
2014,1208,5
2014,1210,4
2014,1212,4
2014,1213,4
2014,1214,1
2014,1216,3
2014,1218,4
2014,1219,7
2014,1220,3
2014,1222,3
2014,1223,4
2014,1224,3
2014,1225,6
2014,1226,4
2014,1227,4
2014,1228,3
2014,1229,5
2014,1230,2
2014,1231,5
2014,1232,3
2014,1233,1
2014,1234,2
2014,1235,2
2014,1236,4
2014,1237,3
2014,1238,5
2014,1239,5
2014,1240,6
2014,1241,7
2014,1243,6
2014,1244,4
2014,1245,5
2014,1246,2
2014,1247,3
2014,1248,5
2014,1249,3
2014,1250,5
2014,1251,3
2014,1252,4
2014,1253,3
2014,1254,8
2014,1255,4
2014,1256,1
2014,1258,8
2014,1259,5
2014,1260,6
2014,1261,3
2014,1262,2
2014,1263,5
2014,1265,5
2014,1266,5
2014,1267,3
2014,1268,2
2014,1269,5
2014,1270,2
2014,1271,5
2014,1272,5
2014,1273,1
2014,1274,4
2014,1275,9
2014,1276,3
2014,1277,1
2014,1278,4
2014,1279,3
2014,1280,6
2014,1281,6
2014,1282,9
2014,1283,5
2014,1284,5
2014,1285,2
2014,1286,10
2014,1287,3
2014,1288,3
2014,1290,5
2014,1291,8
2014,1292,1
2014,1293,1
2014,1294,4
2014,1296,5
2014,1297,6
2014,1298,4
2014,1299,5
2014,1300,1
2014,1301,5
2014,1303,2
2014,1304,5
2014,1305,9
2014,1306,5
2014,1307,3
2014,1308,1
2014,1309,5
2014,1310,6
2014,1311,1
2014,1312,2
2014,1313,3
2014,1314,5
2014,1315,9
2014,1316,3
2014,1317,4
2014,1318,6
2014,1319,7
2014,1320,2
2014,1321,8
2014,1322,1
2014,1323,3
2014,1324,7
2014,1325,5
2014,1326,2
2014,1328,5
2014,1329,1
2014,1330,2
2014,1331,1
2014,1332,2
2014,1333,5
2014,1334,7
2014,1335,3
2014,1336,5
2014,1337,8
2014,1339,3
2014,1340,11
2014,1341,6
2014,1342,4
2014,1343,1
2014,1344,2
2014,1345,6
2014,1346,5
2014,1347,5
2014,1348,4
2014,1349,5
2014,1350,4
2014,1351,3
2014,1352,1
2014,1353,5
2014,1354,7
2014,1355,3
2014,1356,5
2014,1357,4
2014,1358,4
2014,1359,6
2014,1360,4
2014,1361,2
2014,1362,3
2014,1363,4
2014,1364,3
2014,1365,5
2014,1367,2
2014,1368,5
2014,1369,1
2014,1370,2
2014,1371,6
2014,1373,3
2014,1374,3
2014,1375,6
2014,1376,6
2014,1377,5
2014,1378,6
2014,1379,2
2014,1381,1
2014,1382,3
2014,1383,6
2014,1384,7
2014,1385,2
2014,1386,6
2014,1387,1
2014,1388,2
2014,1389,5
2014,1390,3
2014,1391,5
2014,1392,1
2014,1393,4
2014,1394,4
2014,1395,4
2014,1396,3
2014,1397,1
2014,1398,2
2014,1399,7
2014,1400,6
2014,1401,7
2014,1402,4
2014,1403,4
2014,1404,4
2014,1405,2
2014,1406,3
2014,1407,3
2014,1408,11
2014,1409,2
2014,1410,6
2014,1411,3
2014,1412,4
2014,1413,7
2014,1415,3
2014,1416,4
2014,1417,1
2014,1418,2
2014,1419,6
2014,1420,4
2014,1421,6
2014,1422,6
2014,1423,5
2014,1424,2
2014,1425,4
2014,1426,1
2014,1427,6
2014,1428,2
2014,1429,4
2014,1430,2
2014,1431,3
2014,1433,1
2014,1434,3
2014,1435,4
2014,1437,1
2014,1439,3
2014,1440,1
2014,1441,5
2014,1442,3
2014,1443,6
2014,1444,5
2014,1447,2
2014,1448,8
2014,1449,5
2014,1450,5
2014,1452,5
2014,1453,1
2014,1454,7
2014,1456,3
2014,1457,5
2014,1458,2
2014,1460,2
2014,1461,3
2014,1462,4
2014,1463,3
2014,1464,5
2015,1101,6
2015,1102,4
2015,1103,3
2015,1104,3
2015,1105,2
2015,1107,5
2015,1108,1
2015,1110,4
2015,1111,7
2015,1113,3
2015,1114,2
2015,1115,6
2015,1116,1
2015,1117,7
2015,1119,8
2015,1120,8
2015,1122,5
2015,1123,3
2015,1124,1
2015,1125,4
2015,1126,2
2015,1127,2
2015,1129,2
2015,1130,5
2015,1131,6
2015,1132,2
2015,1133,4
2015,1135,6
2015,1136,6
2015,1137,4
2015,1139,1
2015,1140,1
2015,1141,2
2015,1142,4
2015,1143,5
2015,1144,5
2015,1145,3
2015,1146,2
2015,1148,5
2015,1149,4
2015,1150,2
2015,1151,3
2015,1152,4
2015,1153,4
2015,1154,7
2015,1155,5
2015,1156,2
2015,1157,1
2015,1158,5
2015,1160,3
2015,1161,3
2015,1162,2
2015,1163,5
2015,1164,1
2015,1165,6
2015,1166,3
2015,1167,1
2015,1168,6
2015,1169,3
2015,1170,3
2015,1171,4
2015,1172,1
2015,1173,1
2015,1174,6
2015,1175,9
2015,1176,4
2015,1177,7
2015,1178,5
2015,1179,6
2015,1180,5
2015,1181,1
2015,1182,5
2015,1183,6
2015,1184,1
2015,1185,4
2015,1186,1
2015,1187,5
2015,1188,6
2015,1189,4
2015,1190,5
2015,1191,1
2015,1192,5
2015,1193,5
2015,1194,5
2015,1195,6
2015,1196,1
2015,1197,2
2015,1198,8
2015,1199,6
2015,1200,5
2015,1201,7
2015,1202,7
2015,1203,3
2015,1204,2
2015,1205,8
2015,1206,5
2015,1207,3
2015,1208,1
2015,1210,5
2015,1213,6
2015,1214,4
2015,1216,6
2015,1218,5
2015,1219,2
2015,1221,8
2015,1222,4
2015,1223,6
2015,1224,2
2015,1225,5
2015,1226,4
2015,1227,7
2015,1228,4
2015,1229,1
2015,1230,3
2015,1231,4
2015,1232,5
2015,1233,1
2015,1234,3
2015,1235,4
2015,1236,2
2015,1237,8
2015,1238,1
2015,1239,6
2015,1240,6
2015,1241,5
2015,1242,2
2015,1243,9
2015,1244,7
2015,1245,5
2015,1247,4
2015,1248,5
2015,1249,3
2015,1250,5
2015,1251,4
2015,1252,3
2015,1253,5
2015,1254,8
2015,1255,5
2015,1257,2
2015,1258,7
2015,1259,10
2015,1260,3
2015,1261,8
2015,1262,6
2015,1263,3
2015,1264,3
2015,1265,7
2015,1266,7
2015,1267,4
2015,1268,4
2015,1269,9
2015,1270,3
2015,1271,3
2015,1272,3
2015,1273,1
2015,1274,3
2015,1275,6
2015,1276,6
2015,1278,4
2015,1279,5
2015,1280,6
2015,1281,4
2015,1282,6
2015,1283,8
2015,1284,5
2015,1285,2
2015,1286,5
2015,1287,2
2015,1288,4
2015,1290,4
2015,1291,4
2015,1292,7
2015,1294,2
2015,1295,3
2015,1296,4
2015,1297,5
2015,1298,8
2015,1299,4
2015,1301,3
2015,1303,5
2015,1304,5
2015,1305,5
2015,1306,4
2015,1307,7
2015,1308,2
2015,1309,5
2015,1310,8
2015,1311,5
2015,1312,3
2015,1313,3
2015,1314,1
2015,1315,5
2015,1316,1
2015,1317,7
2015,1318,6
2015,1319,2
2015,1320,1
2015,1321,5
2015,1322,2
2015,1323,2
2015,1324,5
2015,1325,6
2015,1329,5
2015,1330,4
2015,1331,5
2015,1332,4
2015,1333,5
2015,1334,5
2015,1335,6
2015,1336,4
2015,1337,5
2015,1338,4
2015,1339,4
2015,1340,6
2015,1341,3
2015,1342,4
2015,1343,1
2015,1344,5
2015,1345,4
2015,1346,5
2015,1347,2
2015,1348,1
2015,1349,6
2015,1350,3
2015,1351,4
2015,1352,3
2015,1353,8
2015,1354,5
2015,1356,2
2015,1357,6
2015,1359,6
2015,1360,2
2015,1361,2
2015,1362,4
2015,1364,2
2015,1365,6
2015,1366,6
2015,1367,4
2015,1368,3
2015,1369,3
2015,1370,4
2015,1371,7
2015,1373,4
2015,1375,10
2015,1376,6
2015,1377,7
2015,1378,4
2015,1379,7
2015,1380,1
2015,1381,5
2015,1382,3
2015,1384,5
2015,1385,5
2015,1386,7
2015,1387,8
2015,1388,1
2015,1389,5
2015,1390,1
2015,1391,3
2015,1392,2
2015,1393,3
2015,1394,2
2015,1395,2
2015,1396,2
2015,1397,7
2015,1398,2
2015,1399,4
2015,1400,2
2015,1401,4
2015,1402,2
2015,1403,4
2015,1405,1
2015,1406,4
2015,1407,4
2015,1408,5
2015,1409,4
2015,1410,7
2015,1411,2
2015,1412,3
2015,1413,2
2015,1414,1
2015,1415,4
2015,1416,8
2015,1417,3
2015,1418,2
2015,1419,4
2015,1420,2
2015,1421,5
2015,1422,1
2015,1423,3
2015,1424,3
2015,1425,8
2015,1426,4
2015,1427,3
2015,1429,4
2015,1430,6
2015,1431,2
2015,1433,1
2015,1434,1
2015,1435,1
2015,1439,3
2015,1440,3
2015,1441,5
2015,1442,6
2015,1443,4
2015,1444,6
2015,1447,6
2015,1448,5
2015,1449,7
2015,1450,8
2015,1451,4
2015,1452,3
2015,1453,3
2015,1454,5
2015,1456,4
2015,1457,3
2015,1459,2
2015,1460,8
2015,1461,8
2015,1462,2
2015,1463,2
2015,1464,4
2016,1101,3
2016,1102,8
2016,1103,1
2016,1104,9
2016,1105,5
2016,1106,3
2016,1107,2
2016,1108,5
2016,1110,10
2016,1111,5
2016,1113,6
2016,1114,1
2016,1115,6
2016,1116,4
2016,1117,5
2016,1119,6
2016,1120,9
2016,1122,6
2016,1123,4
2016,1124,2
2016,1125,3
2016,1126,6
2016,1127,5
2016,1129,3
2016,1130,2
2016,1131,3
2016,1132,7
2016,1133,4
2016,1135,2
2016,1136,6
2016,1138,2
2016,1139,3
2016,1140,2
2016,1141,5
2016,1142,2
2016,1143,2
2016,1144,4
2016,1145,5
2016,1146,3
2016,1148,4
2016,1149,4
2016,1150,3
2016,1151,2
2016,1152,1
2016,1153,4
2016,1154,6
2016,1155,5
2016,1156,6
2016,1157,5
2016,1158,3
2016,1159,7
2016,1160,4
2016,1161,7
2016,1163,1
2016,1164,3
2016,1165,6
2016,1166,3
2016,1168,5
2016,1169,4
2016,1170,9
2016,1171,1
2016,1172,6
2016,1173,4
2016,1174,3
2016,1175,5
2016,1176,5
2016,1177,4
2016,1178,4
2016,1179,3
2016,1180,3
2016,1181,4
2016,1182,4
2016,1183,7
2016,1184,3
2016,1185,5
2016,1186,1
2016,1187,3
2016,1188,5
2016,1189,4
2016,1190,3
2016,1192,6
2016,1193,4
2016,1194,3
2016,1196,1
2016,1197,5
2016,1198,4
2016,1199,6
2016,1200,3
2016,1201,2
2016,1202,2
2016,1203,3
2016,1204,3
2016,1205,5
2016,1206,8
2016,1207,4
2016,1208,5
2016,1209,5
2016,1210,7
2016,1212,4
2016,1213,4
2016,1214,1
2016,1216,4
2016,1217,2
2016,1219,1
2016,1220,6
2016,1221,8
2016,1222,3
2016,1223,3
2016,1224,6
2016,1225,8
2016,1226,7
2016,1227,3
2016,1228,4
2016,1229,3
2016,1230,2
2016,1231,1
2016,1232,7
2016,1233,2
2016,1234,5
2016,1235,2
2016,1236,1
2016,1237,7
2016,1238,1
2016,1239,3
2016,1240,2
2016,1241,1
2016,1243,2
2016,1244,2
2016,1245,6
2016,1247,7
2016,1248,6
2016,1249,2
2016,1250,1
2016,1251,6
2016,1252,6
2016,1253,7
2016,1254,5
2016,1255,3
2016,1256,6
2016,1257,1
2016,1258,3
2016,1259,5
2016,1260,6
2016,1261,8
2016,1262,5
2016,1263,7
2016,1264,6
2016,1265,7
2016,1266,8
2016,1267,3
2016,1268,1
2016,1269,5
2016,1270,5
2016,1271,5
2016,1272,3
2016,1273,3
2016,1274,2
2016,1275,11
2016,1276,4
2016,1277,1
2016,1278,4
2016,1279,4
2016,1280,4
2016,1281,3
2016,1282,3
2016,1283,7
2016,1284,4
2016,1285,1
2016,1286,4
2016,1288,2
2016,1290,4
2016,1291,1
2016,1292,2
2016,1293,4
2016,1294,6
2016,1295,4
2016,1296,8
2016,1297,4
2016,1298,3
2016,1299,7
2016,1300,1
2016,1301,3
2016,1303,4
2016,1304,3
2016,1305,3
2016,1306,2
2016,1307,6
2016,1308,2
2016,1310,6
2016,1311,8
2016,1312,1
2016,1313,2
2016,1315,2
2016,1316,3
2016,1317,5
2016,1318,5
2016,1319,3
2016,1320,5
2016,1321,2
2016,1322,3
2016,1323,5
2016,1324,1
2016,1325,3
2016,1326,5
2016,1328,3
2016,1329,2
2016,1330,1
2016,1331,4
2016,1333,5
2016,1334,4
2016,1335,2
2016,1336,6
2016,1337,5
2016,1338,5
2016,1339,3
2016,1340,3
2016,1341,4
2016,1342,8
2016,1343,1
2016,1344,7
2016,1345,1
2016,1346,5
2016,1347,5
2016,1348,2
2016,1349,5
2016,1350,3
2016,1351,2
2016,1352,6
2016,1353,1
2016,1354,3
2016,1356,3
2016,1357,7
2016,1359,3
2016,1360,8
2016,1361,1
2016,1362,1
2016,1363,5
2016,1364,3
2016,1365,6
2016,1366,9
2016,1367,6
2016,1369,3
2016,1370,7
2016,1371,4
2016,1373,4
2016,1375,10
2016,1376,4
2016,1377,8
2016,1378,6
2016,1379,6
2016,1380,5
2016,1381,3
2016,1382,5
2016,1383,2
2016,1384,3
2016,1385,3
2016,1386,1
2016,1387,7
2016,1388,2
2016,1389,3
2016,1390,8
2016,1391,6
2016,1392,2
2016,1393,3
2016,1394,1
2016,1395,5
2016,1396,8
2016,1397,6
2016,1398,3
2016,1399,4
2016,1400,7
2016,1401,1
2016,1402,3
2016,1403,4
2016,1404,6
2016,1405,1
2016,1406,5
2016,1407,5
2016,1408,5
2016,1409,5
2016,1410,5
2016,1412,2
2016,1413,6
2016,1415,4
2016,1416,1
2016,1417,5
2016,1418,1
2016,1419,6
2016,1420,5
2016,1421,1
2016,1422,5
2016,1424,4
2016,1425,3
2016,1426,2
2016,1427,3
2016,1428,4
2016,1429,1
2016,1430,4
2016,1431,7
2016,1435,2
2016,1436,3
2016,1438,2
2016,1439,7
2016,1440,4
2016,1441,7
2016,1442,4
2016,1443,7
2016,1444,7
2016,1448,5
2016,1449,3
2016,1450,3
2016,1451,1
2016,1452,1
2016,1453,5
2016,1454,2
2016,1456,2
2016,1457,2
2016,1458,6
2016,1459,3
2016,1460,6
2016,1461,8
2016,1462,1
2016,1464,4
2017,1101,7
2017,1102,6
2017,1104,3
2017,1105,2
2017,1106,3
2017,1107,1
2017,1110,6
2017,1111,5
2017,1112,3
2017,1113,6
2017,1114,6
2017,1115,4
2017,1116,3
2017,1117,3
2017,1119,5
2017,1120,5
2017,1122,6
2017,1123,7
2017,1124,3
2017,1126,5
2017,1127,5
2017,1129,4
2017,1130,5
2017,1131,4
2017,1132,6
2017,1133,6
2017,1135,4
2017,1136,8
2017,1137,1
2017,1138,1
2017,1139,4
2017,1140,3
2017,1141,7
2017,1142,8
2017,1143,4
2017,1144,3
2017,1145,7
2017,1146,7
2017,1148,5
2017,1149,4
2017,1150,5
2017,1151,2
2017,1152,3
2017,1153,2
2017,1154,5
2017,1155,3
2017,1156,4
2017,1157,6
2017,1158,2
2017,1159,7
2017,1160,4
2017,1161,5
2017,1162,3
2017,1163,4
2017,1164,6
2017,1165,3
2017,1166,3
2017,1167,1
2017,1168,5
2017,1169,4
2017,1170,5
2017,1171,7
2017,1172,2
2017,1173,3
2017,1174,9
2017,1175,4
2017,1176,4
2017,1177,3
2017,1178,7
2017,1179,5
2017,1180,2
2017,1181,5
2017,1182,3
2017,1183,5
2017,1184,7
2017,1185,1
2017,1186,2
2017,1187,5
2017,1188,5
2017,1189,4
2017,1191,4
2017,1192,5
2017,1193,3
2017,1194,4
2017,1195,2
2017,1196,1
2017,1197,4
2017,1198,3
2017,1199,4
2017,1200,7
2017,1201,6
2017,1202,1
2017,1203,8
2017,1204,7
2017,1205,2
2017,1206,4
2017,1207,5
2017,1208,4
2017,1209,1
2017,1210,6
2017,1212,4
2017,1213,6
2017,1214,2
2017,1216,8
2017,1217,1
2017,1218,3
2017,1219,4
2017,1220,5
2017,1221,4
2017,1222,1
2017,1223,2
2017,1224,5
2017,1225,4
2017,1226,3
2017,1227,2
2017,1228,5
2017,1229,1
2017,1230,7
2017,1231,4
2017,1232,5
2017,1233,5
2017,1234,6
2017,1235,3
2017,1236,1
2017,1237,8
2017,1238,5
2017,1239,2
2017,1240,2
2017,1241,5
2017,1242,1
2017,1243,5
2017,1244,3
2017,1245,8
2017,1246,1
2017,1247,6
2017,1248,7
2017,1249,1
2017,1250,4
2017,1251,2
2017,1252,2
2017,1253,3
2017,1254,6
2017,1255,3
2017,1257,2
2017,1258,3
2017,1259,8
2017,1260,1
2017,1261,7
2017,1262,4
2017,1263,5
2017,1264,6
2017,1265,8
2017,1266,5
2017,1267,5
2017,1268,7
2017,1269,5
2017,1270,5
2017,1271,2
2017,1272,6
2017,1273,1
2017,1274,3
2017,1275,6
2017,1276,3
2017,1277,6
2017,1278,4
2017,1279,3
2017,1280,3
2017,1281,3
2017,1282,4
2017,1283,1
2017,1284,1
2017,1285,3
2017,1286,7
2017,1287,4
2017,1288,5
2017,1290,5
2017,1291,1
2017,1292,1
2017,1293,4
2017,1294,2
2017,1295,3
2017,1296,4
2017,1297,1
2017,1298,4
2017,1299,1
2017,1300,2
2017,1301,5
2017,1303,4
2017,1304,8
2017,1306,3
2017,1307,7
2017,1309,2
2017,1310,8
2017,1311,8
2017,1312,6
2017,1313,1
2017,1315,2
2017,1316,6
2017,1317,4
2017,1318,9
2017,1319,7
2017,1320,8
2017,1321,3
2017,1322,5
2017,1323,4
2017,1324,1
2017,1325,2
2017,1326,5
2017,1328,5
2017,1329,2
2017,1330,3
2017,1331,5
2017,1333,3
2017,1334,2
2017,1335,4
2017,1336,6
2017,1337,7
2017,1338,6
2017,1339,5
2017,1340,3
2017,1341,2
2017,1342,3
2017,1344,7
2017,1346,7
2017,1347,5
2017,1348,1
2017,1349,2
2017,1350,4
2017,1351,4
2017,1352,6
2017,1353,4
2017,1354,2
2017,1355,6
2017,1356,5
2017,1357,8
2017,1358,8
2017,1359,5
2017,1360,3
2017,1361,2
2017,1362,2
2017,1363,5
2017,1364,5
2017,1365,4
2017,1366,2
2017,1367,3
2017,1368,3
2017,1369,5
2017,1370,2
2017,1371,6
2017,1372,7
2017,1373,4
2017,1375,5
2017,1376,2
2017,1377,1
2017,1378,5
2017,1379,6
2017,1380,2
2017,1381,4
2017,1383,3
2017,1384,3
2017,1385,7
2017,1386,6
2017,1387,8
2017,1389,1
2017,1390,4
2017,1391,6
2017,1392,7
2017,1393,6
2017,1394,1
2017,1395,2
2017,1396,4
2017,1397,4
2017,1398,2
2017,1399,6
2017,1400,6
2017,1401,3
2017,1402,5
2017,1403,4
2017,1404,4
2017,1405,3
2017,1406,1
2017,1407,4
2017,1408,2
2017,1409,5
2017,1410,3
2017,1411,2
2017,1412,5
2017,1413,4
2017,1414,1
2017,1415,5
2017,1416,2
2017,1417,2
2017,1418,2
2017,1419,4
2017,1420,1
2017,1421,1
2017,1422,5
2017,1424,6
2017,1425,2
2017,1426,2
2017,1427,7
2017,1429,4
2017,1430,2
2017,1431,6
2017,1433,2
2017,1434,3
2017,1435,5
2017,1438,3
2017,1439,7
2017,1440,4
2017,1441,5
2017,1442,6
2017,1443,6
2017,1444,5
2017,1447,2
2017,1448,1
2017,1449,2
2017,1450,7
2017,1451,2
2017,1452,1
2017,1453,5
2017,1454,6
2017,1456,4
2017,1457,3
2017,1458,1
2017,1459,4
2017,1460,4
2017,1461,2
2017,1462,2
2017,1463,3
2017,1464,11
2018,1101,7
2018,1102,7
2018,1103,9
2018,1104,9
2018,1105,3
2018,1106,4
2018,1107,2
2018,1108,2
2018,1110,4
2018,1111,3
2018,1113,3
2018,1114,5
2018,1115,6
2018,1116,5
2018,1117,7
2018,1119,5
2018,1120,2
2018,1122,3
2018,1123,7
2018,1124,3
2018,1125,3
2018,1127,4
2018,1129,2
2018,1130,5
2018,1131,5
2018,1132,8
2018,1133,4
2018,1135,5
2018,1136,3
2018,1137,1
2018,1139,2
2018,1140,2
2018,1142,6
2018,1143,6
2018,1144,4
2018,1146,4
2018,1148,9
2018,1149,6
2018,1150,4
2018,1151,5
2018,1152,1
2018,1154,7
2018,1155,1
2018,1156,7
2018,1157,4
2018,1158,3
2018,1159,1
2018,1160,10
2018,1161,5
2018,1162,2
2018,1163,5
2018,1164,4
2018,1165,4
2018,1166,3
2018,1167,6
2018,1168,7
2018,1169,4
2018,1170,4
2018,1171,3
2018,1173,5
2018,1174,6
2018,1175,2
2018,1176,4
2018,1177,4
2018,1178,3
2018,1179,11
2018,1180,10
2018,1182,6
2018,1183,2
2018,1184,5
2018,1185,2
2018,1186,3
2018,1187,8
2018,1188,8
2018,1189,9
2018,1190,2
2018,1191,5
2018,1192,6
2018,1193,6
2018,1194,4
2018,1196,4
2018,1197,5
2018,1198,6
2018,1199,3
2018,1200,6
2018,1201,2
2018,1202,1
2018,1203,7
2018,1204,4
2018,1205,7
2018,1206,10
2018,1207,4
2018,1208,7
2018,1209,2
2018,1210,6
2018,1212,7
2018,1213,2
2018,1214,1
2018,1216,4
2018,1217,2
2018,1218,8
2018,1219,5
2018,1220,4
2018,1221,7
2018,1222,1
2018,1223,1
2018,1224,3
2018,1225,1
2018,1226,2
2018,1227,1
2018,1228,4
2018,1229,14
2018,1230,3
2018,1231,3
2018,1232,7
2018,1234,2
2018,1235,6
2018,1236,1
2018,1237,7
2018,1238,7
2018,1239,10
2018,1240,3
2018,1241,4
2018,1243,6
2018,1244,4
2018,1245,9
2018,1246,2
2018,1247,5
2018,1248,3
2018,1249,3
2018,1250,3
2018,1251,4
2018,1252,4
2018,1253,5
2018,1254,7
2018,1255,4
2018,1256,4
2018,1257,5
2018,1258,3
2018,1259,7
2018,1260,1
2018,1261,8
2018,1262,5
2018,1263,4
2018,1264,6
2018,1265,6
2018,1266,4
2018,1267,3
2018,1268,2
2018,1269,9
2018,1270,3
2018,1271,4
2018,1272,8
2018,1273,1
2018,1274,5
2018,1275,6
2018,1276,3
2018,1277,1
2018,1278,5
2018,1279,7
2018,1280,3
2018,1281,3
2018,1282,5
2018,1283,3
2018,1284,4
2018,1286,7
2018,1287,3
2018,1288,4
2018,1290,3
2018,1291,3
2018,1294,1
2018,1295,3
2018,1296,8
2018,1298,1
2018,1299,4
2018,1300,5
2018,1301,9
2018,1303,5
2018,1304,3
2018,1306,2
2018,1307,2
2018,1308,2
2018,1309,2
2018,1310,5
2018,1312,2
2018,1313,3
2018,1314,3
2018,1315,4
2018,1316,5
2018,1317,3
2018,1318,1
2018,1319,4
2018,1320,4
2018,1321,3
2018,1322,2
2018,1323,3
2018,1324,4
2018,1325,3
2018,1326,3
2018,1328,7
2018,1329,8
2018,1331,4
2018,1332,5
2018,1333,5
2018,1334,4
2018,1335,1
2018,1336,3
2018,1337,3
2018,1338,3
2018,1339,5
2018,1340,4
2018,1341,2
2018,1342,4
2018,1343,2
2018,1344,7
2018,1346,6
2018,1347,3
2018,1348,2
2018,1349,3
2018,1350,6
2018,1351,3
2018,1352,4
2018,1353,6
2018,1354,6
2018,1355,1
2018,1356,7
2018,1357,4
2018,1358,2
2018,1360,4
2018,1361,3
2018,1362,4
2018,1363,3
2018,1364,1
2018,1365,8
2018,1366,4
2018,1367,3
2018,1368,3
2018,1369,2
2018,1370,4
2018,1371,3
2018,1372,1
2018,1373,6
2018,1374,4
2018,1375,7
2018,1376,6
2018,1377,1
2018,1378,4
2018,1379,5
2018,1380,2
2018,1381,6
2018,1382,5
2018,1383,9
2018,1384,1
2018,1385,5
2018,1386,3
2018,1387,4
2018,1388,1
2018,1389,4
2018,1390,6
2018,1391,6
2018,1392,5
2018,1393,5
2018,1394,4
2018,1395,1
2018,1396,7
2018,1397,1
2018,1398,5
2018,1399,6
2018,1400,4
2018,1401,4
2018,1402,6
2018,1403,1
2018,1404,5
2018,1406,3
2018,1407,3
2018,1408,3
2018,1409,3
2018,1410,6
2018,1412,2
2018,1413,3
2018,1414,3
2018,1415,5
2018,1416,4
2018,1417,4
2018,1419,9
2018,1420,3
2018,1421,6
2018,1422,1
2018,1423,5
2018,1424,5
2018,1425,1
2018,1426,3
2018,1427,5
2018,1428,3
2018,1429,8
2018,1430,1
2018,1431,6
2018,1433,2
2018,1434,5
2018,1435,6
2018,1439,4
2018,1440,5
2018,1441,4
2018,1442,6
2018,1443,1
2018,1444,5
2018,1448,3
2018,1449,6
2018,1450,5
2018,1451,3
2018,1452,3
2018,1453,4
2018,1454,5
2018,1455,2
2018,1456,5
2018,1457,1
2018,1458,4
2018,1459,6
2018,1460,4
2018,1461,7
2018,1462,1
2018,1463,2
2018,1464,6
2019,1102,6
2019,1103,1
2019,1104,7
2019,1105,3
2019,1106,3
2019,1107,3
2019,1108,5
2019,1110,2
2019,1111,4
2019,1112,4
2019,1113,5
2019,1114,4
2019,1115,4
2019,1116,3
2019,1117,11
2019,1119,4
2019,1120,2
2019,1122,2
2019,1123,4
2019,1124,7
2019,1125,2
2019,1126,6
2019,1127,4
2019,1129,2
2019,1130,6
2019,1131,3
2019,1132,1
2019,1133,6
2019,1135,2
2019,1136,9
2019,1137,4
2019,1139,5
2019,1140,2
2019,1141,1
2019,1142,3
2019,1143,6
2019,1144,8
2019,1145,8
2019,1146,7
2019,1148,6
2019,1149,1
2019,1150,7
2019,1151,4
2019,1152,1
2019,1153,1
2019,1154,6
2019,1155,1
2019,1156,5
2019,1157,3
2019,1158,3
2019,1160,2
2019,1161,3
2019,1162,4
2019,1163,2
2019,1164,6
2019,1165,8
2019,1166,2
2019,1167,6
2019,1168,2
2019,1169,5
2019,1170,7
2019,1171,2
2019,1172,2
2019,1174,8
2019,1175,4
2019,1176,5
2019,1177,8
2019,1178,5
2019,1179,2
2019,1180,4
2019,1181,2
2019,1182,5
2019,1183,10
2019,1184,4
2019,1185,6
2019,1186,3
2019,1187,5
2019,1188,7
2019,1189,7
2019,1190,1
2019,1191,8
2019,1192,1
2019,1193,4
2019,1194,6
2019,1195,4
2019,1196,2
2019,1197,5
2019,1198,8
2019,1199,4
2019,1200,6
2019,1201,1
2019,1202,1
2019,1203,7
2019,1205,3
2019,1206,3
2019,1207,11
2019,1208,3
2019,1209,5
2019,1210,5
2019,1212,2
2019,1213,2
2019,1214,3
2019,1216,3
2019,1217,3
2019,1218,3
2019,1219,7
2019,1220,1
2019,1221,6
2019,1223,3
2019,1224,4
2019,1225,3
2019,1226,7
2019,1227,5
2019,1228,9
2019,1229,9
2019,1230,2
2019,1231,6
2019,1232,8
2019,1233,1
2019,1234,3
2019,1235,1
2019,1236,3
2019,1237,6
2019,1238,4
2019,1239,3
2019,1240,3
2019,1241,8
2019,1242,4
2019,1243,3
2019,1244,4
2019,1245,6
2019,1246,1
2019,1247,4
2019,1248,9
2019,1249,3
2019,1251,2
2019,1252,1
2019,1253,6
2019,1254,6
2019,1255,4
2019,1256,3
2019,1257,3
2019,1258,2
2019,1259,7
2019,1261,3
2019,1262,6
2019,1263,3
2019,1264,10
2019,1265,5
2019,1266,5
2019,1267,5
2019,1268,2
2019,1269,8
2019,1270,5
2019,1271,5
2019,1272,2
2019,1273,2
2019,1274,2
2019,1275,6
2019,1278,6
2019,1279,4
2019,1280,2
2019,1281,3
2019,1282,6
2019,1283,6
2019,1284,7
2019,1285,2
2019,1286,3
2019,1287,4
2019,1288,6
2019,1290,5
2019,1291,7
2019,1292,4
2019,1293,1
2019,1294,2
2019,1295,4
2019,1296,5
2019,1298,9
2019,1299,1
2019,1300,2
2019,1301,4
2019,1303,1
2019,1304,5
2019,1306,3
2019,1307,5
2019,1309,5
2019,1310,11
2019,1311,6
2019,1312,4
2019,1313,1
2019,1314,3
2019,1315,1
2019,1316,4
2019,1317,4
2019,1318,1
2019,1319,7
2019,1320,7
2019,1321,2
2019,1322,6
2019,1323,2
2019,1324,2
2019,1325,9
2019,1326,3
2019,1328,4
2019,1329,6
2019,1330,2
2019,1331,7
2019,1333,3
2019,1334,3
2019,1335,4
2019,1336,3
2019,1337,7
2019,1338,3
2019,1339,3
2019,1340,7
2019,1341,3
2019,1342,3
2019,1343,3
2019,1344,7
2019,1345,1
2019,1346,3
2019,1347,3
2019,1348,7
2019,1349,6
2019,1350,4
2019,1351,1
2019,1352,4
2019,1353,8
2019,1354,3
2019,1356,3
2019,1357,2
2019,1358,2
2019,1359,2
2019,1360,4
2019,1361,5
2019,1362,1
2019,1363,3
2019,1364,1
2019,1365,5
2019,1366,6
2019,1367,2
2019,1368,2
2019,1369,6
2019,1370,2
2019,1371,7
2019,1372,7
2019,1373,5
2019,1374,3
2019,1375,6
2019,1376,6
2019,1377,4
2019,1378,3
2019,1379,2
2019,1380,3
2019,1381,6
2019,1382,1
2019,1383,6
2019,1384,2
2019,1385,9
2019,1386,7
2019,1387,6
2019,1388,1
2019,1389,9
2019,1390,5
2019,1391,3
2019,1392,2
2019,1393,3
2019,1394,3
2019,1395,6
2019,1396,5
2019,1397,3
2019,1398,3
2019,1399,4
2019,1400,5
2019,1401,6
2019,1402,2
2019,1404,2
2019,1406,8
2019,1407,5
2019,1408,3
2019,1409,7
2019,1410,2
2019,1411,3
2019,1412,3
2019,1413,3
2019,1414,1
2019,1415,6
2019,1416,2
2019,1417,6
2019,1418,5
2019,1419,3
2019,1420,5
2019,1421,2
2019,1422,4
2019,1423,5
2019,1424,3
2019,1425,2
2019,1426,5
2019,1427,3
2019,1428,7
2019,1429,2
2019,1430,1
2019,1431,3
2019,1433,1
2019,1434,9
2019,1435,3
2019,1437,1
2019,1439,2
2019,1440,6
2019,1441,5
2019,1442,4
2019,1443,4
2019,1444,4
2019,1447,8
2019,1448,5
2019,1449,1
2019,1450,3
2019,1451,3
2019,1452,6
2019,1453,3
2019,1454,8
2019,1455,2
2019,1456,3
2019,1457,4
2019,1458,1
2019,1460,2
2019,1461,5
2019,1462,4
2019,1463,1
2019,1464,7
2019,1465,3
2019,1466,4
2020,1102,5
2020,1104,4
2020,1105,6
2020,1106,2
2020,1107,6
2020,1108,4
2020,1110,1
2020,1111,6
2020,1113,5
2020,1114,2
2020,1115,2
2020,1116,2
2020,1117,6
2020,1119,6
2020,1120,1
2020,1122,3
2020,1123,1
2020,1124,1
2020,1126,3
2020,1127,8
2020,1129,2
2020,1130,10
2020,1131,2
2020,1132,10
2020,1133,1
2020,1135,6
2020,1136,4
2020,1137,6
2020,1138,7
2020,1139,3
2020,1140,1
2020,1141,5
2020,1142,5
2020,1143,10
2020,1144,4
2020,1145,7
2020,1146,5
2020,1148,3
2020,1149,6
2020,1150,7
2020,1151,2
2020,1152,1
2020,1153,3
2020,1154,2
2020,1155,5
2020,1156,8
2020,1157,8
2020,1158,6
2020,1159,1
2020,1160,2
2020,1161,3
2020,1162,1
2020,1163,3
2020,1164,6
2020,1165,3
2020,1167,5
2020,1168,5
2020,1169,7
2020,1170,3
2020,1171,2
2020,1172,2
2020,1174,7
2020,1175,2
2020,1176,5
2020,1177,7
2020,1178,5
2020,1179,8
2020,1180,5
2020,1181,1
2020,1182,4
2020,1183,3
2020,1184,6
2020,1185,6
2020,1186,3
2020,1187,6
2020,1188,3
2020,1189,4
2020,1190,1
2020,1191,5
2020,1192,5
2020,1193,9
2020,1194,5
2020,1195,6
2020,1197,6
2020,1198,1
2020,1199,2
2020,1200,3
2020,1201,2
2020,1202,1
2020,1203,7
2020,1204,5
2020,1205,3
2020,1206,5
2020,1207,7
2020,1208,6
2020,1209,1
2020,1210,3
2020,1212,4
2020,1213,8
2020,1214,8
2020,1216,4
2020,1217,4
2020,1218,5
2020,1219,7
2020,1220,1
2020,1221,3
2020,1223,3
2020,1224,3
2020,1225,6
2020,1226,5
2020,1227,4
2020,1228,9
2020,1229,6
2020,1230,6
2020,1231,7
2020,1232,5
2020,1233,2
2020,1234,5
2020,1235,6
2020,1236,4
2020,1237,5
2020,1238,1
2020,1239,1
2020,1240,1
2020,1241,5
2020,1243,5
2020,1244,1
2020,1245,1
2020,1246,3
2020,1247,4
2020,1248,7
2020,1249,2
2020,1250,8
2020,1252,4
2020,1253,8
2020,1254,5
2020,1255,7
2020,1256,1
2020,1257,1
2020,1258,3
2020,1259,5
2020,1260,1
2020,1261,1
2020,1262,6
2020,1263,5
2020,1264,6
2020,1265,7
2020,1266,3
2020,1267,2
2020,1268,2
2020,1269,4
2020,1270,5
2020,1271,3
2020,1272,5
2020,1273,5
2020,1274,4
2020,1275,8
2020,1276,3
2020,1278,5
2020,1279,6
2020,1280,3
2020,1281,6
2020,1282,6
2020,1283,1
2020,1284,3
2020,1285,2
2020,1286,7
2020,1287,2
2020,1288,3
2020,1290,3
2020,1291,6
2020,1292,5
2020,1293,1
2020,1295,1
2020,1296,6
2020,1297,1
2020,1298,6
2020,1299,3
2020,1300,1
2020,1301,3
2020,1303,4
2020,1304,5
2020,1305,1
2020,1306,4
2020,1307,6
2020,1308,1
2020,1309,2
2020,1310,10
2020,1311,1
2020,1312,4
2020,1313,1
2020,1314,8
2020,1315,5
2020,1316,2
2020,1317,1
2020,1318,1
2020,1319,8
2020,1320,1
2020,1321,3
2020,1322,3
2020,1323,1
2020,1324,6
2020,1325,3
2020,1328,4
2020,1329,4
2020,1330,2
2020,1331,2
2020,1332,2
2020,1333,5
2020,1334,3
2020,1335,6
2020,1336,6
2020,1337,1
2020,1338,8
2020,1339,3
2020,1340,3
2020,1341,1
2020,1342,7
2020,1343,3
2020,1344,6
2020,1345,4
2020,1346,5
2020,1347,3
2020,1348,2
2020,1349,6
2020,1350,1
2020,1351,2
2020,1352,4
2020,1353,7
2020,1354,6
2020,1355,1
2020,1356,6
2020,1358,3
2020,1359,4
2020,1360,3
2020,1362,2
2020,1363,5
2020,1364,2
2020,1365,3
2020,1367,8
2020,1368,5
2020,1369,5
2020,1371,2
2020,1372,1
2020,1373,1
2020,1374,4
2020,1375,6
2020,1376,5
2020,1377,3
2020,1378,7
2020,1379,6
2020,1380,1
2020,1381,2
2020,1382,4
2020,1383,8
2020,1385,5
2020,1386,6
2020,1387,1
2020,1388,3
2020,1389,2
2020,1390,3
2020,1391,8
2020,1392,2
2020,1393,1
2020,1394,7
2020,1395,4
2020,1396,5
2020,1397,5
2020,1398,5
2020,1399,3
2020,1400,5
2020,1401,10
2020,1403,2
2020,1404,6
2020,1405,4
2020,1406,2
2020,1407,7
2020,1408,5
2020,1409,4
2020,1410,5
2020,1411,4
2020,1412,6
2020,1413,4
2020,1414,1
2020,1415,3
2020,1416,3
2020,1417,7
2020,1418,6
2020,1419,3
2020,1420,7
2020,1421,4
2020,1422,3
2020,1423,7
2020,1424,3
2020,1425,4
2020,1426,4
2020,1427,7
2020,1428,9
2020,1429,3
2020,1430,4
2020,1431,4
2020,1433,3
2020,1434,5
2020,1435,5
2020,1436,1
2020,1437,2
2020,1438,3
2020,1439,7
2020,1440,2
2020,1441,4
2020,1442,3
2020,1443,4
2020,1444,7
2020,1447,6
2020,1448,6
2020,1449,2
2020,1450,8
2020,1451,6
2020,1452,2
2020,1453,5
2020,1454,7
2020,1455,1
2020,1456,9
2020,1457,1
2020,1458,5
2020,1459,5
2020,1460,1
2020,1461,4
2020,1462,3
2020,1464,4
2020,1465,1
2020,1466,2
2020,1467,5
